job_name,company_name,region,hands_on_background,academic_requirement,how_many,extra_requirement,functional_categories,work_place,job_information,company_url,num_of_companies,job_url,申请
价格分析专员（数据分析）,广州好莱客创意家居股份有限公司,广州,1年经验,大专,招1人,,   成本管理员,  上班地址：天河区科韵路20号3楼,"['一、岗位职责：', '1、价格维护，核算新产品的标准成本，核算建议价格，制定报价流程，监控价格波动，价格档案归集；', '2、调研公司产品在市场上的主流竞争对手的定价情况；', '3、关注重点材料的采购价格和市场价格情况，及时提出价格修改的策略；', '4、完成上级领导布置的其他工作相关工作。', '', '二、任职要求：', '1、大专或以上学历，财务会计、统计学等相关专业；', '2、1-3年相关工作经验，有一定的成本结构分析能力的优先考虑；', '3、具备良好的协调沟通能力及熟练用OFFICE 。']",http://www.holike.com,1000-5000人,https://jobs.51job.com/guangzhou/103434623.html?s=01&t=0,1
商品数据分析,广州腾羿服饰有限公司,广州,1年经验,大专,招1人,,   业务分析经理主管,  上班地址：广州市白云区鹤龙街鹤龙东路29号CDZ创意空间7楼（地铁2号线黄边站D出口）,"['岗位职责：', '1、核心数据收集及梳理；', '2、商品数据报表的编制；', '3、商品数据初步分析；', '4、企划案协助编制；', '5、 报表PPT编制。', '任职要求：', '1、有一年以上数据统计分析工作经验，有服装行业工作经验优先；', '2、大专以上，商业统计学专业优先；', '3、具备较强的数据分析能力，并能够依据销售数据提出建议；', '4、熟练使用各类office软件（如word、excel、ppt）']",http://www.crz-cn.com/,150-500人,https://jobs.51job.com/guangzhou/83849419.html?s=01&t=0,1
数据分析员,广东菲立智能家居有限公司,广州,1年经验,大专,招若干人,,   数据通信工程师,  上班地址：广州市新塘镇沙埔银沙工业区（荔新九路43号）千亿产业园内,['1、组织完成图纸订单的审图、拆分、计料数据的审核，确保计料数据的正确性；2、审核计料拆分的数据，为生产、备货提供准确的数据；3、分析计料数据的出错原因，进行合理修改和调整，提升订单计料的准确性和质量。岗位要求：1、该岗位需学习相关产品知识和电脑绘图软件的知识；2、大专以上学历（具有家居行业经验者优先）；3、性格外向，吃苦耐劳、可接受加班。'],http://www.felive.com,50-150人,https://jobs.51job.com/guangzhou/106262706.html?s=01&t=0,1
客服部数据分析师,广州纽得赛生物科技有限公司,广州,1年经验,本科,招1人,,   网店店铺管理员,  上班地址：海珠区赤岗西路265号文化谷一号楼101,[],http://www.niudesai.com,50-150人,https://jobs.51job.com/guangzhou/93213833.html?s=01&t=0,1
数据分析专员,国药控股广州有限公司,广州,1年经验,本科,招若干人,,   其他,  上班地址：广州市荔湾区站前路22号医药大厦,[],http://www.sinopharm-gz.com/,1000-5000人,https://jobs.51job.com/guangzhou/63019356.html?s=01&t=0,1
数据分析助理,广州中味餐饮服务有限公司,广州,无工作经验,本科,招2人,,   采购助理,  上班地址：开发区开达路77号,"['1、学习对采购计划数据收集、分析、规划工作 ；', '2、学习实施和推进采购计划，完成公司的推进进度；', '2、学习制定和推进产品上市波段方案；', '3、学习品牌、渠道（店厅）、月度货品进、销、存分析；', '4、学习结合数据分析的市场调研工作', '任职资格：', '1、本科学历以上，应届生优先；', '2、工作认真，积极，有好学心态优先录用。', '3、能够精通办公软件的操作，在Excel的操作无阻碍很清晰；']",http://www.cdcic.cn,1000-5000人,https://jobs.51job.com/guangzhou/106083117.html?s=01&t=0,1
助理数据分析,广州市番禺祈福新房地产有限公司,广州,1年经验,本科,招2人,,   数据库工程师管理员,  上班地址：广州市番禺区市广路8号祈福新,"['岗位要求：', '1.大学本科学历；18-35岁；1年以上数据分析工作经验，具有编程能力者优先；', '2.熟悉SQL、oracle数据库；', '3.具有较强的逻辑思维能力、分析能力、熟悉主流ETL工具。', '4.具有数据工程师职称优先，211/985高校优先。', '', '岗位职责：', '1.负责数据库数据的收集和整理、分类、汇总等；', '2.负责根据项目具体情况，使用power BI工具设计相应的分析报告；', '3.协助BI分析业务数据提取，转换，以及其他领导安排的工作。']",http://www.cliffordgroup.com,10000人以上,https://jobs.51job.com/guangzhou/92590729.html?s=01&t=0,1
数据分析员（电商）,欧派家居集团股份有限公司,广州,1年经验,大专,招1人,,   其他,  上班地址：白云区广花三路366号欧派工业园,"['岗位职责：', '1、负责电商业绩日报表，每周统计电商事业线业绩数据，', '2、电商推广部门的相关推广数据分析', '3、各品类营销支持部相关数据支持', '岗位要求：', '1、25-30岁大专及以上学历，数学统计相关专业；', '2、2年数据分析工作经验，对于数据分析具有一定的认识；', '3、熟悉网络营销流程、网站流量数据分析，对访客的访问数据有较深刻的见解；', '4、积极主动认真工作严谨，熟练运用数据分析工具，如excel、SPSS等。']",http://www.oppein.com,10000人以上,https://jobs.51job.com/guangzhou/105968856.html?s=01&t=0,1
数据分析师,广州市广德昌科技有限公司,广州,无工作经验,大专,招1人,,   其他,  上班地址：广州市越秀区建设大马路22号中环广场B栋2619室,"['1.挖掘管理层和业务部门数据需求，构建数据分析模型，开展数据分析工作，基于数据分析成果，提供管理建议； 2.负责对市场、行业、竞争对手、产品、客户、业务运营等方面数据的收集、整理、分析，完成分析报告、提供数据支持、分析建议；3.负责建立企业数据规则，统一数据源；4. 负责建立指标体系及报表体系，监控业绩达成情况；5. 负责培训并提升企业人员数据分析能力，定期组织安排相关培训；6. 处理上级部门安排的其他工作。', '1. 大专以上学历，具有良好的逻辑思维和数据分析能力；2.有较强的责任心和原则性，有良好的沟通能力、语言表达能力和一定的书面表达能力；3.熟练使用办公软件，精通Excel和PPT的操作。']",http://www.topchance.com.cn,150-500人,https://jobs.51job.com/guangzhou/105476297.html?s=01&t=0,1
数据分析专员,广州市金宇服装有限公司,广州,1年经验,大专,招1人,,   产品品牌专员,  上班地址：广州市白云区大金钟路47号二、三楼,"['   1、对总体的期货执行、库存结构、产品总体进销指标负责，以指标为标准，支持、服务于商品各板块。', '<p style=""text-indent: 2em;"">2、按照部门整体要求，对数据进行收集和分析，提交相关报表到上级。', '<p style=""text-indent: 2em;"">3、日常数据整理，报表格式根据要求进行规范，达到定时，准确提交。', '<p style=""text-indent: 2em;"">4、随时关注货品库存变动情况，对新上市货品和促销货品进行阶段性数据库存分析。', '<p style=""text-indent: 2em;"">5、收集竞争品牌推广及新货上市动态。', '<p style=""text-indent: 2em;"">6、完善商品部各板块相关报表，优化各板块报表工作。', '<b>任职要求：</b>', '<p style=""text-indent: 0px; ""><span style=""text-indent: 2em;""><b>  </b>1、2年以上中高端品牌服装商品计划或商品企划经验；', '<p style=""text-indent: 2em;"">        2、有一定的数据分析能力，熟练操作服装经销存软件，对PPT及图片处理等工具熟悉；    3、服装审美能力强，有敏锐的时尚触角；    4、沟通协调能力，有团队合作意识。']",http://www.aikerl.com,500-1000人,https://jobs.51job.com/guangzhou/102652265.html?s=01&t=0,1
商品数据分析员,广州市佛伦斯服饰有限公司,广州,1年经验,大专,招1人,普通话精通'],   统计员,  上班地址：广州市天河区珠江新城珠江西路10号高德置地广场C塔20楼,"['岗位职责：', '1、对数据进行采集，按时提取日、周、月报数据，做出对比分析；', '2、对销售数据趋势的列举及有效的分析，为商品分配、补货和调货提供有效建议；', '3、对新品上市后，跟踪销售分析以及后期市场需求预测', '4、将有关分析数据整合，及时向公司领导及有关部门上报', '', '任职要求：', '1、 大专或以上学历，统计学相关专业优先；', '2、 至少3年以上服装行业数据分析经验，有服装行业经验优先；', '3、 对数据敏感，熟悉excel各类函数公式运用，有较强的数据分析和预测能力；', '4、 熟悉服装行业货品管理知识，熟悉货品上市流程。']",http://www.folunsi.com,500-1000人,https://jobs.51job.com/guangzhou/95601921.html?s=01&t=0,1
数据分析专员（会员方向）,大参林医药集团股份有限公司,广州,1年经验,本科,招1人,,   业务分析专员助理,  上班地址：广州市荔湾区龙溪大道410号,"['岗位职责：', '1、定期出具会员报表，包括会员绩效分析，等级会员分析，会员活动效果分析等； ', '2、从数据中找到问题点和机会点，给予会员营销方案指导； ', '3、 监控会员平台交互数据，针对会员交互路径和轨迹给营销团队提供洞察分析； ', '4、会员活动费用预估。  ', '任职要求：', '1、本科或以上学历，统计学相关专业优先；', '2、1年以上零售行业数据分析工作经验优先。']",http://www.dslyy.com/,10000人以上,https://jobs.51job.com/guangzhou/107809360.html?s=01&t=0,1
销售数据分析,联想中望系统服务有限公司（现越亮...,广州,1年经验,大专,招1人,,   业务分析专员助理,  上班地址：广州市天河北路898号信源大厦307-309室,"['', '岗位职责：', '1、负责相关业务数据统计整理及运营数据分析、报表输出（日报、周报、月报）；', '2、负责营销活动数据统计分析及报告输出；', '3、监察采集竞争对手信息数据，定时提交同行分析报告；', '4、提取和制作周期数据制作成图表，推进运营指标改善；', '5、其他临时数据分析需求的调研、分析及实现；', ' ', '岗位要求：', '1、专科或以上学历，统计等相关专业优先，1年及以上工作经验优先；', '2、精通office相关软件，能够用word、Excel、PPT实现工作中所有需求。善于使用EXCEL制作图表，熟悉数据库基本操作；', '3、对数字敏感，思维清晰而有条理，具备良好的口头表达能力和较强的沟通协调能力；', '4、熟悉互联网行业务数据分析，有互联网从业经验。', '']",http://www.hvgroup.com.cn,500-1000人,https://jobs.51job.com/guangzhou/108961005.html?s=01&t=0,1
数据分析师,广东艾希兰品牌管理有限公司,广州-白云区,1年经验,大专,招1人,,   数据库工程师管理员,  上班地址：广东省广州市白云区新市连元大厦811,"['1、常规数据监控及定向数据分析，有能力搭建公司的整体经营数据模型；', '2、用户画像体系搭建，挖掘客户服务和交易数据，针对问题通过数据分析报告，为运营解决问题提供数据支持；', '3、线上活动效果分析，优化活动效果；', '4、至少1年以上数据处理,数据分析等相关经验；', '5、熟悉相关挖掘算法，掌握主流数据分析方法', '6、掌握至少一种数据挖掘工具，精通SQL语句，熟悉互联网业务指标数据体系搭建和常用业务分析方法，能独立完成专项分析报表', '【能力强者，有机会晋升成为整个增长团队的负责人】']",http://www.160shop.com,少于50人,https://jobs.51job.com/guangzhou-byq/104603445.html?s=01&t=0,1
商品数据分析员,深圳市红四海纺织品有限公司,广州-白云区,1年经验,大专,招2人,普通话熟练'],   市场分析调研人员,  上班地址：黄边北路汇金大厦,"['岗位职责：', '', '1、对下架及不动销的商品进行分析并货；', '2、负责策划特价货品的促销活动；', '3、策划过季货品的退仓/收仓；', '4、销售数据统计与分析；', '5、引导店铺补货、跟进落实并追踪结果。', '', '任职要求：', '', '1、具有丰富的服装管理或商品管理、数据管理等资格；', '2、熟悉货品运转及数据统计；', '3、具有服装管理、商品管理等相关工作经验；', '4、会计、统计学专业者优先考虑。']",http://www.ailsha.com/,500-1000人,https://jobs.51job.com/guangzhou-byq/108088236.html?s=01&t=0,1
数据分析助理,广州通达汽车电气股份有限公司,广州-白云区,无工作经验,本科,招2人,普通话熟练,   统计员,  上班地址：西槎路聚龙工业区14栋,"['岗位名称：数据分析助理', '岗位职责：', '1、负责产品或者数据平台的需求调研、数据分析等工作；', '2、通过数据分析深入探索数据的潜在商业价值以及实现成本控制及风险预估；', '3、负责公司成本核算、员工计件工资的审核、计发等 ；', '', '任职资格：', '1、本科以上学历，数学、统计、经济等相关专业；', '2、熟悉数据软件SQLserver，熟练使用SPSS、SAS、Eviews、R语言等统计软件；', '3、熟练使用EXCEL表及涵数运算，良好的数据敏感度和逻辑思维能力，能从海量数据提炼核心结果；有较强的数据分析能力，具备良好的沟通能力和表达能力，能够独立开展业务调研、数据分析工作。', '', '一经录用、待遇从优！']",http://www.tongda.cc,1000-5000人,https://jobs.51job.com/guangzhou-byq/108705848.html?s=01&t=0,1
数据分析员/经理助理/数据统计员（广州白云区上班）,深圳市森广源实业发展有限公司,广州-白云区,无工作经验,大专,招2人,,   订单处理员,  上班地址：人和镇秀水村沙滩西28号中国移动B栋2楼,"['1、具备较强的公文写作能力；', '2、有数据统计及数据分析能力；', '3、负责对接客户处理业务异常；', '4、负责日常业务往来邮件处理；', '5、定期对进出库数据进行统计；', '6、定期向客户和上级反馈业务数据。', '', '上班地址：广州市白云区人和镇秀水村沙滩西28号中国移动B栋2楼', '联系人：杨经理13802805230']",http://www.szsgy.com,150-500人,https://jobs.51job.com/guangzhou-byq/105139739.html?s=01&t=0,1
商品专员/数据分析,广州衣酷服饰有限公司,广州-白云区,1年经验,大专,招2人,,   市场分析调研人员,  上班地址：嘉禾街康庄路2号龙禧广场A栋4-6楼,"['1.负责对电商销售平台商品进行合理规划、调配，安排各平台产品上下架并跟进落实；', '2. 对平台每日销售情况进行实时监控，进行畅销品实时调配与划拨；', '3. 负责每月配货、对帐、盘点等；', '4. 配合各平台活动进行商品选款、促销价议定、报名数量规划，并对每期节点活动销售进行即时分析；', '5. 对网店退货及质量投诉进行分析，减少退款率，保障部门目标达成。', '', '<b>任职资格：</b>', '1.大专或以上学历；', '2.一年以上线上箱包或服饰行业同等岗位工作经验；', '3.对数字敏感，能熟练运用EXCEL各项数据功能；', '4.有较强的责任心及团队精神。', '', '', '薪酬与福利：', '1，工作时间：大小周工作制 ；', '2，公司为员工统一购买社保；', '3，完善的薪酬体制：享受年度至少一次调薪机会；', '4，公司每月定期发布竞岗，为员工提供竞岗平台；', '5，丰富的员工福利：免费工作餐，生日会，每周下午茶，年度体检，年度旅游，各类年节福利等；', '6，年度旅游，年度体检，每月文娱活动，部门活动等；', '7，多彩的员工活动：春节晚会、双十一誓师大会、羽毛球、篮球俱乐部等；', '8，工作环境：人性化的办公场所']",http://www.hautton.net/,150-500人,https://jobs.51job.com/guangzhou-byq/97321911.html?s=01&t=0,1
数据分析,广州衣百服饰有限公司,广州-番禺区,无工作经验,大专,招2人,,   统计员,  上班地址：广州市番禺区地铁二号线会江站金河产业园D2栋3楼,"['岗位职责：', '1、负责各类周报表、月报表、季度报表、年度报表的统计制作。', '2、负责数据采集、数据备份及数据保密，包括业绩、天气、商圈、人流、用户等。', '3、参与数据BI体系建立及参加相关培训课程。', '4、负责数据监督门店制度、各部门制度执行，并统计异常情况。', '5、负责公司仓库盘点，包括门店仓、总仓、物料仓。', '6、负责ERP系统中单据、渠道资料、用户资料、权限资料等模块管理。', '7、负责ERP系统服务器问题及汇总开发需求，对接ERP软件公司解决。', '8、负责远程协助门店安装ERP软件并处理简单问题。', '9、负责顾客订货流程对接处理。', '10、负责过季商品门店打包和拆包工作对接处理。', '', '任职资格：', '1、工作认真负责，具备较强解决问题能力，对数据敏感；', '2、熟练使用WORD，EXCEL等办公软件；', '3、工作经验不限。', '']",http://微信公众号：hurry100,500-1000人,https://jobs.51job.com/guangzhou-pyq/60772106.html?s=01&t=0,1
数据分析师,广州爱旅拍文化传播有限公司,广州-番禺区,1年经验,大专,招若干人,,   市场分析调研人员,  上班地址：广州市番禺区市桥禺山西路329号海伦堡创意园1座C区2楼224-226,"['1、负责对市场、行业、竞争对手、产品、客户、业务运营等方面数据的收集、分析，完成整理出分析报告、提供数据支持、分析建议；', '2、对公司经营管理、市场发展需求预测、市场运营决策、产品研发、销售策略、各部门业绩达标等方面提供数据支持，做出分析，编制分析模型，形成有效的结果；', '3、负责建立指标体系及报表体系，监控业绩达成情况；', '4、负责解读运营数据波动情况并提出应对策略；', '', '任职资格：', '1、精通各种数据挖掘算法（如逻辑回归、决策树、贝叶斯、神经网络等）及其原理，能根据业务分析专题，建立挖掘模型，选择最合适和高效的实现算法，具备使用Excel、SQL、SPSS/SAS、web trends、cognos等工具处理和分析较大量级数据的能力；', '2、熟练使用R/Mahout/SPSS/SAS其中某一种或多种分析软件；熟悉Hadoop的体系架构和运行原理，熟悉Hadoop的MapReduce原理；', '3、具备较强的数据解读能力、业务沟通能力和文档写作能力；', '4、具有海量数据挖掘及分析相关项目经验，具有政府或运营商大数据分析挖掘经验、文本挖掘经验者优先。', '5、具有优秀的学习能力，条理清晰，有良好的表达能力及沟通能力，有较强的组织语言文字功底，数据分析和逻辑能力；', '6、做事认真细心，有上进心，有责任感，能承受工作压力，团队意识强。', '']",http://www.goilvpai.com,少于50人,https://jobs.51job.com/guangzhou-pyq/103856468.html?s=01&t=0,1
数据分析专员,广州市万表科技股份有限公司,广州-番禺区,1年经验,本科,招若干人,,   业务分析专员助理,  上班地址：番禺大道北60-1号,"['工作职责：', '1、负责业务数据的统计分析、报表编制及呈报，包括日/周/月/季/(半)年报等，实现日常数据可视化；', '2、负责WEB 端以及APP端的产品业务分析、用户行为分析、用户画像分析，通过分析挖掘业务，能够给产品端、业务端提供合理化的建议；', '3、了解销售订单处理过程，跟踪运营数据，发现业绩增长点和增长时机，及时对异常情况进行预警；', '4、分析结果指标，发现策略执行过程中的问题，并形成改进建议；', '5、领导交代的其它事宜', '', '任职要求：', '1、专科及以上学历，计算机、经济、统计、软件工程、信息管理、财务等相关专业，具备两年及以上的工作经验者优先考虑；', '2、熟练操作EXCEL（常规函数、数据透视表、图标制作等），可以用PPT撰写分析报告；', '3、在销售型公司工作过的人员优先考虑，对销售评估指标、业务管理核心指标清晰；', '4、良好的敬业精神、具有一定的分析和解决问题的能力；', '5、具备一定的管理能力和较好的沟通表达能力，善于协调公司内部各部门之间的关系；', '6、工作有条理，做事认真仔细、执行力强、有责任心。']",http://www.wbiao.cn,150-500人,https://jobs.51job.com/guangzhou-pyq/108432039.html?s=01&t=0,1
新媒体运营专员（数据分析）,广州路鑫信息技术有限公司,广州-海珠区,1年经验,大专,招1人,,   网站运营专员,  上班地址：广州市广州大道南788号广一电商园22号楼（玩车教授）,"['1、负责公司所有平台整体数据统计、分析工作，定期产出数据报表、分析报告；', '2、根据文章内容数据报告，对各大平台内容调性、选题方向提供建议和指导；', '3、研究运营数据和用户反馈，挖掘用户需求，发现运营中的问题并给出解决方案；', '4、协助量化优化公司内部绩效考核机制。', '5、通过恰当的方式和方法提升微信及第三方平台的各项关键指标。', '', '工作内容：', '1.稿量统计：编辑部编辑稿量日统计、周统计、月统计；', '2.微信数据统计分析及排名：玩车教授、车买买公众号数据日报（包括文章选题分析）；玩车教授、车买买、玩车TV数据周报（包括新榜排名数据）；每个编辑流量数据统计排名（月度）；', '3.三方平台数据及排名统计：3大一级平台：头条号、车家号、企鹅媒体平台每周文章阅读数据统计；每个编辑流量数据统计排名（月度）；', '4.统计微信标题关键词对阅读数据影响，并做作出对应分析报告；', '5.微信公众平台值班录入；', '6.上级安排的其他工作内容。']",http://www.chemm.com,50-150人,https://jobs.51job.com/guangzhou-hzq/104693536.html?s=01&t=0,1
数据分析师,圆通速递有限公司,广州-花都区,1年经验,大专,招若干人,,   财务分析员,  上班地址：花山镇两龙南街50号圆通速递3号门（导航搜索：圆通速递华南转运中心）,"['1、统计数据：负责根据全年预算规划进行日常数据统计分析，尤其是报告；', '2、规划数据分析：规划数据分析应用项目，开展并推动项目应用和发展；', '3、数据支持、分析：通过数据挖掘及归类，将各维度信息标签化，给产品及业务端提供数据支持；', '4、对接内外部资源：负责内外部资源收集、对接。', '5、领导安排的其他事务。', '任职要求：', '(1)学历及专业要求：大专或以上学历、会计、财务、物流管理、计算机、金融等相关专业均可；', '(2)通用知识与技能：熟练运用excel函数、宏等办公软件；', '(3)素质要求：学习能力强，有上进心，接受短期异地出差。  ']",http://www.yto.net.cn,10000人以上,https://jobs.51job.com/guangzhou-hdq/108831494.html?s=01&t=0,1
数据分析师,广州九龙维记牛奶有限公司,广州-黄埔区,1年经验,大专,招1人,普通话精通,   市场分析调研人员,  上班地址：广州经济技术开发区永和经济区田园西路38号,"['  ', '岗位要求：', '1、大专以上学历，统计学、数学等相关专业或有相关数据分析基础或者经验者；', '2、数据处理及分析能力强，熟悉Excel、PPT、等相关软件；', '3、对数据敏感，有较好的逻辑思维能力，能独立撰写数据分析报告；', '4、具备学习能力、较强的团队意识、责任感和上进心。', '岗位职责：', '1、配合部门从事系统分析开发工作，并定期整理交易数据，向上级领导分析结果；', ' 2、配合销售完成售前、售中、售后项目的分析设计工作；', ' 3、根据部门实际情况，规划设计活动；', ' 4、梳理运营与推广的业务需求，制定数据报表；', ' 5、挖掘数据背后的市场方向、规律、为运营提供决策依据；', '6、分析运营与推广需求，固化常规数据报表，提升数据支持运营与推广的能力；', '7、数据研究与分析，通过挖掘数据的内在关系，发现运营与推广中的问题，并推动问题 的解决；']",http://www.kowloondairy.com,150-500人,https://jobs.51job.com/guangzhou-hpq/105310554.html?s=01&t=0,1
销售数据分析员（双休、五险一金、提供吃住）,广东乐陶陶药业股份有限公司,广州-荔湾区,1年经验,大专,招1人,,   业务分析专员助理,  上班地址：西i东西路工业区三号之一,"['', '岗位职责：', '1、能结合具体业务，依据内部外部的数据支持，给业务有利的建议；', '2、协助直接主管根据业务需求提供数据协助；', '3、对人均产出，以及日常拜访进行跟进；', '4、协助直接主管进行区域人员划分，指标制定，资源分配；', '5、协助直接主管提供专业的业务分析报告；', '6、跟踪并预测业务情况，对数据进行精细化分析，可以独立制作自动化分析报告供业务部门使用；', '7、协助制作内部分析模型， 包括指标分析，奖金分析，销售行为分析；', '8、协助直接主管制作其他分析报告；', '9、对日常销售，预估，区域，指标，拜访，微观数据维护进数据库', '', '任职资格：', '1、工作稳定；', '2、有销售助理、数据分析相关工作经验优先考虑；', '3、熟练使用office办公软件，需Excel十分熟练优先考虑；', '4、具备较强的工作责任心，出色的语言表达能力与沟通协调能力；', '5、具备较强的工作积极性和主动服务的意识；', '', '福利待遇：', '1、工资4000-6000；', '2、公司统一缴纳五险一金，弹性工作不加班、节日福利、年终奖金；', '3、每年享受带薪年假、法定节假日；', '', '']",http://www.gdletaotao.com/index.html,150-500人,https://jobs.51job.com/guangzhou-lwq/104569891.html?s=01&t=0,1
保险公司内勤文员(数据分析、资源整合、大专学历),广东隆信劳务服务有限公司,广州-天河区,无工作经验,大专,招若干人,,   销售代表,  上班地址：太古汇,[],http://www.longxin1111.com,150-500人,https://jobs.51job.com/guangzhou-thq/94794267.html?s=01&t=0,1
数据分析（项目管理）,广东乐数信息科技有限公司,广州-天河区,1年经验,大专,招1人,普通话熟练,   数据库工程师管理员,  上班地址：珠江新城黄埔大道西120号高志大厦8楼全层,"['职位描述：', '1、负责对接资方和企业方的尽职调查及相关资料、数据的汇整；', '2、负责外部机构项目合作中的商务计划书、PPT等编制；', '3、负责监测分析业务运营情况，产品中各项指标的统计，定期出具相关数据报表，需对数字保持高度敏感性；', '4、定期输出对接部门相关的报告，汇报每月对接部门运营情况，推动对接部门的业务优化；', '5、负责专项业务的分析与预测，KPI指标的制定与分解。', '6、专题分析，提供决策层，管理层和执行层所需的各类数据提取，专项分析和建议；', '7、发现公司产品的的业务风险和机会，及时回避风险提高资金回报率；', '', '职位要求：', '1、全日制本科以上学历，数据分析专业相关；（一年以上互联网金融行业经验者优先）；', '2、具有优秀的学习能力，条理清晰，有良好的表达能力及沟通能力，有较强的组织语言文字功底，数据分析和逻辑能力；', '3、做事认真细心，有上进心，有责任感，能承受工作压力，适应互联网公司的快节奏；', '4、熟悉SQLServer、Mysql、Python、office等微软数据库；（需熟悉SQL或Python）；']",http://fq.hydbest.com,150-500人,https://jobs.51job.com/guangzhou-thq/85938930.html?s=01&t=0,1
数据分析专员（高塘石）,广东立信企业有限公司,广州-天河区,1年经验,大专,招1人,英语良好'],   业务分析专员助理,  上班地址：高塘石,"['此职位隶属于立信集团下属子公司。', '岗位职责：', '1、 负责项目人员的薪酬数据收集及核准工作，并完成月度薪酬的计算；', '2、 负责内部工资审批流程，及时处理员工对工资、奖金答疑；', '3、 进行项目数据统计分析和预测，为班组长提供统计资料及分析资料；', '4、 负责为项目人员进行每月排班及日常调班，保证项目平稳运行；', '5、 负责与人事数据的收集和整理，及时更新各项人事数据，并输出人事报表；', '6、 协助完成项目月度结算，并完成内部结算流程；', '7、 完成上级交办的其他工作。', '任职要求', '1、 大专以上学历，1年以上薪酬绩效工作经验，有呼叫中心外包行业经验优先考虑；', '2、 熟练掌握Excel公式处理数据的方法及技术，能承担薪酬专业性项目；', '3、 具备良好的数据分析能力、分析判断能力、沟通表达能力；', '4、 具备较强的责任心、耐心、执行力、抗压力；具备较高的情商。']",http://www.revenco.com,5000-10000人,https://jobs.51job.com/guangzhou-thq/106530002.html?s=01&t=0,1
数据分析（初级）,深圳市优阅达数据科技有限公司,广州-天河区,无工作经验,本科,招2人,,   大数据开发分析,  上班地址：体育东路羊城国际商贸东塔3511,"['岗位职责：', '1、整合和分析网络营销数据，进行分析并用于指导网络营销；', '2、负责网络媒介投放监控、市场推广跟踪、广告效果评估等数据分析工作，制作阶段性报告；', '3、互联网大数据分析（了解金融、消费品等行业网络营销行业趋势，消费需求挖掘，网民行为洞察，进行大数据分析和挖掘） ；', '4、紧密跟踪互联网与移动互联网的发展现状与趋势，为公司在移动互联网背景下开展营销创新提供建议。', '', '任职要求：', '1、大学本科及以上学历，应用数学、统计学或相关专业，应届生亦可，使用Tableau者优先；', '2、熟悉各类数据分析方法，可以使用各类数据分析工具（Excel、Acess等）；', '3、能够熟练使用SQL等数据库，进行读取数据；', '4、对数据敏感，热爱数据整理、分析工作，较强的学习能力；', '5、优秀的团队合作精神和执行能力，强烈的责任心和正直严谨的工作态度。']",http://www.dkmeco.com,50-150人,https://jobs.51job.com/guangzhou-thq/102719056.html?s=01&t=0,1
数据分析师,广州博骏家居科技有限公司,广州-天河区,1年经验,大专,招1人,,   技术支持维护经理,  上班地址：广州市天河区中山大道中128号鸿利商务中心三楼348室,"['岗位职责：', '1.收集整理房地产行业数据，形成对定制家居行业有价值的数据报告。', '2.负责定制家居行业相关数据收集，提炼出对行业/企业有价值的数据分析报告。', '3.结合定制家居行业数据、业界观点和市场趋势，为长期业务发展方向提供战略层面的意见和建议。', '4.消费用户画像分析，负责用户调研、分析等数据商业价值挖掘工作。', '5. 完成上级交办工作，提供相关部门需求的数据支持。', '岗位要求：', '1. 统计学、经济学、信息学、数学与应用数学及其相关专业统招大专以上学历；', '2.良好的数据敏感度，1年以上数据分析报告制作经验，能快速将数据分析结果整合成逻辑清晰的PPT报告；', '3.对数据敏感，逻辑思维严密，有很好的分析能力和报告展示能力，有很好商业嗅觉；', '4.具有较好的沟通和协调能力，善于跨部门沟通协作，工作积极主动；', '6.精通Excel统计分析功能，熟练运用PPT输出分析报告；', '7.熟悉tableau/SPSS/SQL/SAS等至少一种统计分析软件。', '', '   此职位替广东省定制家居协会代招。', '   广东省定制家居协会是由广东省定制家居协会是由广东省从事定制家居行业的经济组织及相关单位自愿组成的、具有社团法人资格   的全省性、行业性社会组织，接受广东省民政厅的监督管理和广东省人民政府相关职能部门的业务指导。现广东省定制家居协会秘书处招聘数据分析师一名，福利待遇与广州博骏家居科技有限公司相同，欢迎有识之士应聘。']",http://www.bojunhome.com/,50-150人,https://jobs.51job.com/guangzhou-thq/92900752.html?s=01&t=0,1
数据分析师 - 广州,精硕科技(北京)股份有限公司,广州-天河区,无工作经验,本科,招5人,,   市场分析调研人员,  上班地址：马场路富力盈盛广场,"['1、负责广告项目监测数据的收集、整理、筛选，准时准确地完成报告；', '2、根据监测数据，及时发现问题并提出合理性解决方案及建议；', '3、维护现有客户关系，定期为既有客户进行网络广告最新行业动态的培训。', '', '任职要求：', '1、本科及以上学历，广告，市场营销、心理学、统计等相关专业优先；', '2、1年或以下工作经验(高级数据分析师)；', '3、拥有1年以上广告公司策划、数据分析、网站分析相关工作经验(高级数据分析师);1年或以下工作经验(数据分析师)；', '4、较强的沟通与表达能力；', '5、工作热情，有良好的服务意识和团队合作精神；', '6、学习能力强，有责任心，对数字敏感；', '7、优秀的英文听说读写能力，能熟练使用PPT和EXCEL。', '', '', '', '']",http://www.admaster.com.cn,150-500人,https://jobs.51job.com/guangzhou-thq/82899644.html?s=01&t=0,1
数据分析专员,广州市鑫翔贸易有限公司,广州-天河区,无工作经验,大专,招1人,,   市场分析调研人员,  上班地址：广州市天河区珠江新城华夏路28号富力盈信大厦2801室,"['岗位职责:', '1、负责天猫店日常运营维护和管理；', '2、负责天猫店日常对账单、报表类的制作，销售数据和财务数据分析；', '3、负责天猫店异常数据预警和解决建议；', '4、负责天猫店爆款数据监控和后期维护工作；', '5、结合电商平台消费品行业特点，进行行业市场分析与竞品分析，提出针对消费者的精准营销方向和策略；', '6、根据电商平台业务需求，完成专题性数据分析挖掘项目，形成报告和结论；', '7、了解电商平台营销活动，负责营销活动的数据提取、分析与效果评估；', '8、有专业的数据分析报告写作经验等优先考虑。', '', '任职资格:', '1、1年以上工作经验，电商、日化快消行业优先；', '2、熟悉数据分析，理科专业、计算机专业、市场营销类专业优先；', '3、熟练使用MicrosoftOffice，特别是Excel的公式/数据透视的使用；', '4、热爱线上购物，熟悉电商购买流程，了解消费者触点；', '5、有较强的数据敏感度，具备良好的逻辑分析、沟通协调、文字表达能力。', '', '可接受年后上岗！！！']",http://www.runben.com,150-500人,https://jobs.51job.com/guangzhou-thq/96064475.html?s=01&t=0,1可接受年后上岗
广州分部--运营数据分析员,上海网达软件股份有限公司,广州-天河区,1年经验,大专,招1人,,   大数据开发分析,  上班地址：珠江西路5号广州国际金融中心11楼,"['', '', '<b></b><i></i>']",http://www.wondertek.com.cn;公司微信号：wangdaruanjian,500-1000人,https://jobs.51job.com/guangzhou-thq/101269408.html?s=01&t=0,1
商品企划专员（数据分析）,广州迪柯尼服饰股份有限公司,广州-天河区,无工作经验,本科,招2人,,   业务分析专员助理,  上班地址：珠江新城临江大道5号保利中心13楼,[],http://www.dikeni.com,1000-5000人,https://jobs.51job.com/guangzhou-thq/85177408.html?s=01&t=0,1
教务专员（数据分析、后台管理方向）,广东东湖棋院,广州-越秀区,无工作经验,大专,招2人,粤语精通'],   市场分析调研人员,  上班地址：中山六路2号新宝利大厦904-905广东东湖棋院,"['这里，有一个积极向上的公司氛围；这里，有完善的晋升机制与福利待遇；这里，也有一群斗志激昂的小伙伴！无论是身经百战的你，还是初出茅庐的你，只要你愿意尝试，公司平台为你开放！走进东记，在平凡工作中体现你的不平凡价值！', '', '【教务专员（数据分析、后台管理方向）】', '一、岗位职责：', '1、教务工作：负责统筹各校区老师工作安排，师资配比最优化；', '2、系统操作：负责内部管理系统的维护和利用系统进行各项数据分析；', '3、师资管理：负责协助部门主管开展师资考评与培训等工作；', '4、数据分析：负责分析棋院运营数据，分析业绩达成情况及趋势；', '5、行政工作：负责起草，协助审核、修订教师相关的各项机制，协助部门日常事务工作。', '', '二、任职资格:', '1、大专或以上学历，专业不限，1年以上工作经验，优秀毕业生也可；', '2、有一定的文书编写能力，对数据敏感者优先考虑，做事细心、认真、负责；', '3、沟通及协调能力强、具备主动积极的工作态度；', '4、熟练运用OFFICE办公软件。', '', '三、薪资待遇：', '4000-6000/月', '', '四、工作地点：', '', '五、工作时间：', '每周5.5天，周日下午周一全天休息', '', '六、员工福利：', '1、入职当月购买五险一金；', '2、享有带薪年假，具体按公司制度执行；', '3、丰富的团队建设活动（包含但不限于春游、生日会、茶话会等，让员工的工作与生活得到完美平衡），节假日礼品（春节、中秋节、妇女节等）；', '', '【公司简介】', '东湖棋院是全国规模领先的一家少儿棋类教育培训机构，国际著名投资机构风险投资企业，连续16年高速发展，在广东省内及全国各省进行网点布局。现诚邀各位年轻活力有理想的你们，加入中华民族儿童教育事业，共同为提升儿童综合素质贡献力量！棋院提供专业系统的在职培训，薪酬提升快，晋升空间广阔，五险一金福利齐全，欢迎你的加入！', '', '【公司文化】', '愿景：立足国内，拓展海外，成为儿童棋类素质教育领域最有影响力的教育机构。', '使命：传播中华优秀传统棋文化，以传统文化提升儿童素质教育水平。', '东湖官网：http://www.dhqy.com', '东记精神：教棋育人。', '', '', '【联系方式】', '龙小姐：83516872/83339586', '', '对此岗位有兴趣的候选人，可直接投递简历，我们将会在2-3个工作日内进行处理。']",http://www.dhqy.com,50-150人,https://jobs.51job.com/guangzhou-yxq/106809103.html?s=01&t=0,1
电信业务数据分析专员,广东昱辉通信技术有限公司,广州-越秀区,1年经验,大专,招1人,,   技术文员助理,  上班地址：中山二路18号电信广场,"['1、具备一定电信行业业务知识（移动网络类、宽带网络类等），以及电信运营商业务流程，投诉处理等知识；', '2、有一定Excel功底，懂得运用Excel制作报表，运用公式进行批量计算，排序，筛选及报告内数据自动更新等；', '3、语文水平良好，具备一定PPT和编写报告类Word文档能力及经验；', '4、工作细心谨慎，抗压能力好，能独立完成客户交付的工作；', '5、性格开朗，与人沟通融洽，能与客户及其他项目团队保持良好密切的关系；', '6、具备一定计算机开发知识（需求、Java，数据库，开源等）或数据挖掘（R语言、SPSS）优先。']",http://www.gdyuhui.net/,150-500人,https://jobs.51job.com/guangzhou-yxq/108089679.html?s=01&t=0,1
数据分析员,广州娇丽芙个人护理用品有限公司,广州-越秀区,1年经验,大专,招1人,普通话精通'],   业务分析专员助理,  上班地址：应元路32号恒源大厦3楼,"['数据分析员工作', '工作内容：', '1、每日利用BI、美滴滴（未上线区域有区域提供数据）做全国的业绩日报表', '2、每月做项目月报表：石灸、四维动力美眼、酵素', '3、美时科技消耗金额的计算、检查', '4、非上线区域会员动态数据的收集、整理', '5、做经营月报表：店面业绩分析、会员分析、疗程普及率', '6、做消耗欠款数据报表', '7、每月做经营月报PPT', '8、根据总部、各区域的公文，在CRM后台建立相关产品档案', '9、维护疗程价格档案', '10、协助区域解决BI、CRM等相关系统问题', '11、其他临时事宜', '', '公司福利：', '1、工作时间：周末双休，五险一金；', '2、享有带薪年假、病假、婚假、产假、陪产假、哺乳假、丧假等各类假期；', '3、节日福利、员工旅游、定期户外团队活动；', '4、办公环境宽敞明亮，工作氛围开放活泼；', '5、全勤奖、年终奖；', '备注：公交211、旅游专线1（应元路站）、小北花圈站、东风中路站、纪念堂站；地铁2号线纪念堂C出口、1号线小北站A出口。']",http://www.jolyviabeauty.com/,1000-5000人,https://jobs.51job.com/guangzhou-yxq/107741637.html?s=01&t=0,1
数据分析专员,北京直信创邺数码科技有限公司,广州-越秀区,1年经验,大专,招1人,英语良好'],   其他,  上班地址：人民北路604-2大新银行大楼6楼,"['工作职责：', '1、呼叫中心日常运营数据的提取和汇总,从基础数据中分析出各项运营指标；', '2、提供项目的各个报表；', '3、通过数据发现运营环节中的各种问题，薄弱环节和漏洞，提出改善和优化方案，并督导优化方案的执行。', '', '岗位要求：', '1、大专或以上学历，有英文理解及书写能力；', '2、有在呼叫中心或相关服务行业数据分析的工作经验优先；', '3、熟练运用办公软件，精通EXCEL，熟练掌握图表的制作方法；', '4、具有发现问题，分析问题和解决问题的能力，具有良好的逻辑思维能力；', '5、工作积极主动、善于沟通、细心负责。', '', '公司福利：', '1、多元化的员工培训（技能培训、拓展培训、英语培训、储备干部培训等）；', '2、五险一金、双休工作制、带薪年假、年度调薪及年度绩效奖金；', '3、自主性的团队建设活动。']",http://www.sogservice.com.cn,1000-5000人,https://jobs.51job.com/guangzhou-yxq/105034518.html?s=01&t=0,1
媒介数据分析专员,广东咏声动漫股份有限公司,广州-越秀区,1年经验,大专,招若干人,,   媒介专员,  上班地址：广州大道北193号新达城广场南塔27楼,"['岗位职责：', '1.负责运营组媒介数据分析、监播及相关宣传推广工作；', '2.负责媒介物料整理及出入库；', '3. 同期竞品数据监播，监控流量的走势并进行分析解决；', '4.负责对接各大平台，沟通落实影片上线及优质的资源位；', '5. 新片上线前的物料输出，其中包含：正片、花絮、预告、banner图等物料；', '6.不定时策划有益于新片播放量的线上或线下活动。', '任职要求：', '1.具有一定媒体运营经验，能有效合理完成上级交付的任务；', '2.善于沟通，具有一定分析、数据处理能力；', '3.熟悉常规办公软件及微信、微博等新媒体的使用；', '4.有媒介分析经验者优先。']",http://www.winsing.net,500-1000人,https://jobs.51job.com/guangzhou-yxq/107072469.html?s=01&t=0,1
资深数据分析专员,广州安莱信息通信技术有限公司,广州-越秀区,1年经验,本科,招1人,,   市场分析调研人员,  上班地址：德政北路538号达信大厦4楼,"['1、负责客户数据分析，对客户大数据进行挖掘与分析，为产品、服务、营销等提供决策支持', '2、负责客户清洗、标签管理、价值分群与生命周期管理', '3、对CRM系统数据库进行运营规划，并提供优化建议', '4、对分析数据制作可视化报告（如：PPT，数据海报等）', '5、完成领导交办的其他工作。', '', '任职要求：', '1、大专以上学历计算机或统计学相关专业，3年以上数据分析工作经验或CRM系统有相关工作经验优先。', '2、良好的统筹、分析、归纳能力和严谨的逻辑思维能力，具备CRM数据分析或公司运营数据分析经验', '3、熟悉数据分析相关工具，如R，SAS，SPSS，Python等。', '4、有数据可视化相关经验或对机器学习算法有一定了解的候选人优先']",https://www.anlai.com/,150-500人,https://jobs.51job.com/guangzhou-yxq/106597103.html?s=01&t=0,1
数据分析师（上市集团+双休）,广州市时代邻里邦网络科技有限公司,广州-越秀区,1年经验,本科,招1人,,   网站运营专员,  上班地址：越秀区东风中路410号时代地产中心1101-02,"['工作职责', '1、负责社区业务数据分析模块的经营分析及研究，从而提升业务转化效率；', '2、挖掘业务流程痛点，协调公司资源进行流程改进，从而提升整体运营效率；', '3、结合运营需求，进行关键项目的孵化、管理及推动落地工作；', '4、负责设计研发提升业务作业及管理效率的工具产品，并推动其在运营落地使用；', '5、通过与运营、业务、产品等各个部门的沟通、协助，整合公司各项资源，推进公司重点业务工作优化落地；', '6、规范业务场景，并提供标准化的支持，进而搭建运营中心的知识管理体系；', '7、辅助部门leader，逐渐完善数据分析工作的作业标准。', '', '任职资格', '1、统招本科及以上学历，应用数学、统计学、市场营销类专业，1年以上相关工作经验；', '2、工具基础良好，熟练掌握excel、PPT、SQL等分析类工具；', '3、良好的数据敏感度，能够独立进行产品运营相关业务分析、报告撰写等工作；', '4、有报告演讲、跨部门沟通、培训能力，有解决复杂业务需求的思维和用数据驱动业务落地的能力；', '5、【加分项】有社区服务、咨询公司工作经验，有数据服务类公司的数据分析经验、对数据驱动业务增长有独到见解。']",http://www.linli580.com.cn/,150-500人,https://jobs.51job.com/guangzhou-yxq/101676970.html?s=01&t=0,1
数据分析专员,广州市三横信息科技有限公司,广州-增城,1年经验,大专,招1人,"数学与应用数学', '统计学']",   市场分析调研人员,  上班地址：新塘大道西642号B2栋3楼,"['1、了解并获取行业竞争动态和产品动态，给予产品部门决策支持；', '2、对运营部销售情况进行统计分析，对市场分布情况、重点商品结构、利润结构进行分析；', '3、负责竞争对手热销品和新品数据分析，协助部门负责人制定销售策略；', '4、提供业务数据分析报告、竞品数据分析报告，以及运营建议；', '5、协助领导完成其他相关工作。', '任职要求：', '1、大专及以上学历，一年以上相关电商、数据分析工作经验；', '2、具备较强的逻辑思维能力，敏锐的观察能力和独立分析能力，有较强的市场感知力和数据敏感度；', '3、精通Word/Excel表格等办公软件的使用，学会用数据说话，能独立、高质量的完成大部分成果文件,为决策提供支撑；', '4、良好的沟通表达能力和组织协调能力，富有进取创新精神和团队合作意识。']",http://www.sanhengwenchuang.com,50-150人,https://jobs.51job.com/guangzhou-zc/94753687.html?s=01&t=0,1
