job_name,company_name,region,hands_on_background,academic_requirement,how_many,functional_categories,work_place,job_information,company_url,num_of_companies
高级数据分析经理,广州六合信息科技股份有限公司,广州-越秀区,3-4年经验,本科,招1人,   总监部门经理,  上班地址：广州市越秀区广州市越秀区东华西路59号移动大厦,岗位任职资格与技能要求：  1、本科及以上学历，统计学、计算机或相关专业毕业；  2、3年以上项目管理经验，熟悉项目管理理论；  3、熟悉电信运营商或相关行业IT项目现场工作方式，有实际参与过项目一线工作的经验；  4、熟悉主流软件技术，对大数据相关项目经验优先；  5、具备较丰富的方案设计、标书应答、用户交流经验；  6、具有PMP或者信息系统高级项目管理师资格证书优先。  工作职责：  1、负责项目管理的日常工作，包括负责交付中心各项目的统筹管理，如项目计划制定、进度跟踪、收款管理、项目评审等；  2、管理交付团队，掌握项目的整体状况，有效控制成本并解决项目中发现的问题；  3、指导现场项目经理项目管理方法和控制手段，不断提升交付团队的技术及业务水平；  4、积极响应客户投诉，指挥交付团队处理现场突发状况；  5、根据项目和外部环境的发展趋势，了解并探索新技术，推动项目团队应用新技术；  6、协助市场部进行市场拓展，推动售前工作并协助输出技术方案。,http://www.gzliuhe.com/,50-150人
高级数据分析专员,威莱（广州）日用品有限公司,广州,2年经验,招2人,12-09发布'],   大数据开发分析,  上班地址：广州市天河路228号广晟大厦26楼,"1.通过各渠道数据整合，配合业务部门推动数据化运营；,3.根据市场发展及数据分析情况，协助准确定位品牌、产品价值链，配合企业寻求更好的机会点；,4.协助进行市场调研分析与行业分析，配合制定产品服务策略，形成报告；,岗位要求：",http://www.walch.net.cn,10000人以上
教务专员（数据分析、后台管理方向）,广东东湖棋院,广州-越秀区,无工作经验,大专,招2人,   市场分析调研人员,  上班地址：中山六路2号新宝利大厦904-905广东东湖棋院,"这里，有一个积极向上的公司氛围；这里，有完善的晋升机制与福利待遇；这里，也有一群斗志激昂的小伙伴！无论是身经百战的你，还是初出茅庐的你，只要你愿意尝试，公司平台为你开放！走进东记，在平凡工作中体现你的不平凡价值！,,【教务专员（数据分析、后台管理方向）】,一、岗位职责：,1、教务工作：负责统筹各校区老师工作安排，师资配比最优化；,2、系统操作：负责内部管理系统的维护和利用系统进行各项数据分析；,3、师资管理：负责协助部门主管开展师资考评与培训等工作；,4、数据分析：负责分析棋院运营数据，分析业绩达成情况及趋势；,5、行政工作：负责起草，协助审核、修订教师相关的各项机制，协助部门日常事务工作。,,二、任职资格:,1、大专或以上学历，专业不限，1年以上工作经验，优秀毕业生也可；,2、有一定的文书编写能力，对数据敏感者优先考虑，做事细心、认真、负责；,3、沟通及协调能力强、具备主动积极的工作态度；,4、熟练运用OFFICE办公软件。,,三、薪资待遇：,4000-6000/月,,四、工作地点：,,五、工作时间：,每周5.5天，周日下午周一全天休息,,六、员工福利：,1、入职当月购买五险一金；,2、享有带薪年假，具体按公司制度执行；,3、丰富的团队建设活动（包含但不限于春游、生日会、茶话会等，让员工的工作与生活得到完美平衡），节假日礼品（春节、中秋节、妇女节等）；,,【公司简介】,东湖棋院是全国规模领先的一家少儿棋类教育培训机构，国际著名投资机构风险投资企业，连续16年高速发展，在广东省内及全国各省进行网点布局。现诚邀各位年轻活力有理想的你们，加入中华民族儿童教育事业，共同为提升儿童综合素质贡献力量！棋院提供专业系统的在职培训，薪酬提升快，晋升空间广阔，五险一金福利齐全，欢迎你的加入！,,【公司文化】,愿景：立足国内，拓展海外，成为儿童棋类素质教育领域最有影响力的教育机构。,使命：传播中华优秀传统棋文化，以传统文化提升儿童素质教育水平。,东湖官网：http://www.dhqy.com,东记精神：教棋育人。,,,【联系方式】,龙小姐：83516872/83339586,,对此岗位有兴趣的候选人，可直接投递简历，我们将会在2-3个工作日内进行处理。",http://www.dhqy.com,50-150人
数据分析师,广东鑫兴科技有限公司,佛山-南海区,3-4年经验,硕士,招1人,   大数据开发分析,  上班地址：南海区金科路6号中控大厦9楼905-908室,"   岗位职责：,制定数据统计、分析规范，并建立相关的分析统计模型,管理和改进项目的数据分析模型,负责专项数据分析，提供数据支持,负责与客户进行业务沟通需求，进行数据分析，整合资料内容，撰写分析报告,负责与研发人员的对接，将数据分析内容转化为具体的系统功能，持续跟踪产品实现确保设计和实现的一致性,   任职要求： ,研究生以上学历，计算机/软件工程相关专业，有2年以上数据分析工作经验； ,有数据分析、大数据应用从业经验优先； ,超强的逻辑推理能力、创造性思维、擅长数字分析以及解决复杂问题的能力； ,有很强的文字和口头表达能力，较强的团队领导能力和激励、沟通、协调能力 ,对新技术敏感，工作细致，较好的适应能力及文档编写能力；,熟练掌握数据挖掘技术，具备较强的数据挖掘能力。",http:// // www.gdsinsing.com,少于50人
数据分析员（双休+五险一金+近地铁）,深圳市利航国际货运代理有限公司广...,广州-越秀区,2年经验,大专,招2人,   财务分析员,  上班地址：东风中路318号嘉业大厦12楼,"岗位职责,1.负责核对并确认客户每笔业务，与客户完成对账工作；,2.负责完成应付账款的审核、核销，以确保系统金额与实际一致；,3.发票的开具与统计，进项发票的催收；,4.对应收帐款金额较大、帐龄较长的客户进行重点跟踪，包括及时与客户对帐，查明原因并向部门主管领导汇报；,5.及时对应付账款做好付款计划,6.做好相关业务单据的整理、归档、保管工作；,7.领导调配的其他工作。,任职要求：,1.一年以上应付工作经验，有物流行业经验者优先考虑；,2.具有较强的沟通能力，有良好的纪律性、自律性以及对工作认真、细致、负责的态度，具有学习的态度，并能在压力下工作；,3.良好的团队合作精神和较强的责任心；,4.工作认真负责，有条理，工作效率高；,5.Word、Exel等OFFICE软件和财务金蝶K3软件的熟练应用。,,员工福利∣Our welfare,——常规福利：五险一金、全勤奖、年终奖、节日红包等多种福利！,——薪酬发展：每年拥有1-2次加薪机会！,——带薪休假：带薪的法定节假日、年假、生日假等！,——旅游娱乐：每年为您提供1-2次旅游，优秀员工还可额外增加1次国外游！,——其他活动：六一、圣诞、中秋、年会等团队活动，等您来参加哦！！！,工作时间：朝九晚六、周末双休,工作地址：地铁2号线纪念堂D1步行5分钟左右；公交车站：广东大厦、东风中路、正骨医院",http://www.profitsail.com/chi/about.html,500-1000人
数据分析工程师,广东赛百威信息科技有限公司,广州-黄埔区,3-4年经验,大专,招1人,   大数据开发分析,  上班地址：广州市萝岗区科学城彩频路11号广东软件园F栋12-13楼,"岗位职责：,1.负责业务数据分析、熟悉运用Tableau工具制作数据报表；,2.根据业务逻辑，优化管理相应的数据库相应表、结构、数据；,3.熟练使用MySQL、Sql Server数据库处理大量的数据、优化数据库；,4.熟悉使用PowerBI、DataV等工具制作大屏，实现数据可视化；,5.负责与各部门沟通，对接项目统筹、任务分配等管理工作；,6.完成上级交代的其他事项。,任职资格： 1.国家正规院校毕业，本科或以上学历，计算机、通信工程、数学、统计学、物流管理或工商管理类专业； 2.对数据敏感，较好的数据分析处理能力,熟悉SQL、Excel、PowerBI、Tableau操作；3.熟悉常用的数据库查询表结构的处理及写脚本； 4.具有较强的学习能力、良好的沟通能力和应变能力； 5.具有较好的英文读写能力；",http://www.cyberway.com.cn,150-500人
商品数据分析,广东骆驼户外用品有限公司,广州-白云区,无工作经验,招1人,12-09发布'],   市场分析调研人员,  上班地址：石槎路398号（骆驼大厦旁中恒二楼）,"1、负责公司商品方面的数据分析(包括库存/售罄率/销售状况/货品结构等),为公司提供全面的数据分析结果,提出合理化建议,令销售取得更好的经营效益。,2、按照商品结构分析提供合理的订购指标,依据区域性消费结构,提供合理的商品组织结构和尺码配比。,3、跟进商品卸货期,及时反馈,关注销售变化,下补订单。,4、协助其他部门配合商品资料核准及其他工作安排。,5、有鞋类或服装行业分析岗位工作经验者优先。,,任职要求:,1、大专以上学历，2年以上鞋子或服装公司工作经验;,2、熟悉ERP,对进、销、存数据变化具有敏感性;,3、熟练使用Excel、PPT等数据工具;,4、条理清晰,有良好的表达能力及沟通能力;,5、做事认真负责,有上进心,有责任感,能承受工作压力,团队意识强。,",http://www.camelvip.com/,1000-5000人
商品专员/数据分析,广州衣酷服饰有限公司,广州-白云区,1年经验,大专,招2人,   市场分析调研人员,  上班地址：嘉禾街康庄路2号龙禧广场A栋4-6楼,"1.负责对电商销售平台商品进行合理规划、调配，安排各平台产品上下架并跟进落实；,2. 对平台每日销售情况进行实时监控，进行畅销品实时调配与划拨；,3. 负责每月配货、对帐、盘点等；,4. 配合各平台活动进行商品选款、促销价议定、报名数量规划，并对每期节点活动销售进行即时分析；,5. 对网店退货及质量投诉进行分析，减少退款率，保障部门目标达成。,,<b>任职资格：</b>,1.大专或以上学历；,2.一年以上线上箱包或服饰行业同等岗位工作经验；,3.对数字敏感，能熟练运用EXCEL各项数据功能；,4.有较强的责任心及团队精神。,,,薪酬与福利：,1，工作时间：大小周工作制 ；,2，公司为员工统一购买社保；,3，完善的薪酬体制：享受年度至少一次调薪机会；,4，公司每月定期发布竞岗，为员工提供竞岗平台；,5，丰富的员工福利：免费工作餐，生日会，每周下午茶，年度体检，年度旅游，各类年节福利等；,6，年度旅游，年度体检，每月文娱活动，部门活动等；,7，多彩的员工活动：春节晚会、双十一誓师大会、羽毛球、篮球俱乐部等；,8，工作环境：人性化的办公场所",http://www.hautton.net/,150-500人
数据分析研究员,广州市明师教育服务股份有限公司,广州-海珠区,3-4年经验,本科,招1人,   市场分析调研人员,  上班地址：昌岗中路164号兰亭熙园2号明师教育总部大楼,"1、搜集、研究、分析广州、广东至全国各地教育行业发展趋势及市场信息等相关数据，以周报、月报、季度报表的形式向公司输出市场分析报告，编写专题研究、拓展规划报告；2、分析教育行业数据和市场信息，研究影响教育行业的相关因素，对未来行业市场趋势做出预测、提供分析建议；3、支持公司其他业务部门在市场数据和市场分析方面的需求；4、完成部门负责人交代的其他工作。,1.本科以上学历,统计学、数学与应用、市场营销、应用心理学、社会学等相关专业；2.两年以上市场调研经验，善于市场信息数据分析，并做出策略判断；3.具有良好的沟通能力和理解能力，有较强的协调能力，具有团队合作精神；4.责任心强，工作积极主动，思维活跃，遇到问题，能够想方设法解决；5.具有较强的逻辑分析能力，对数据与信息分析兴趣程度高；6.有良好的写作水平，熟悉电脑软件操作（windows、excel、PPT等）；能熟练使用数据库软件（如SQL、SPSS、SAS、MALTAB）；7.具有很强的学习能力，对新知识和新技术，并能够很快上手。8.能承担较大的工作压力，细心且愿意尝试挑战性工作。9.有在大型市场研究公司工作的经验优先、能独立撰写研究报告、有建模经验的优先。",http://www.mingshiedu.com,1000-5000人
运营数据分析师,广州市亚丹柜业有限公司,广州-花都区,1年经验,本科,招1人,   财务分析经理主管,  上班地址：广州市花都区花东镇港头省华侨经济开发区8号,"岗位职责：,1、对运营数据进行监控分析，根据数据情况快速有效的定位问题并提出解决方案；,2、分析用户来源、行为路径、转化率等运营核心数据，给各职能部门提供数据反馈和建议；,3、通过各类数据分析发现业务趋势，并反馈至各业务部门进行落地；,4、对运营数据进行挖掘和分析，对流程优化、产品改进等工作予以数据支持；,5、管理和改进项目的数据分析模块，建立数据流转规则及异常预警机制。,,任职条件：,1、全日制本科及以上学历，统计、数学、计算机、信息技术等理科专业背景者优先；,2、二年及以上数据分析工作经验；,3、良好的数据敏感度，能从海量数据提炼核心结果，具备独立编写数据分析报告的能力；,4、具备较强的沟通能力，逻辑思维能力，团队协作能力，为人耐心细致，责任心强。",http://gz-yadan.com,1000-5000人
销售助理/销售数据分析专员,广州市娇兰化妆品有限公司,广州,1年经验,大专,招1人,   销售行政专员,  上班地址：广州市白云区远景路时代商业中心A栋8楼,"工作职责：,1、周、月、年度数据：根据信息中送准送的周报、月报整理好相关数据并提交至领导，准确及时整理好相关报表并提交领导。,2、门店活动数据分析及问题跟进。,3、部门各项费用分析处理，为后续跟进提供数据依据。,4、季度考核数据：提交每个季度数据考核，准确及及时提交每个季度部门每个人考核，以便财务准时发放季度考核。,5、临时数据：提取整理领导临时需要的数据，准确按时输出领导所需要的数据。,岗位要求：,1、熟练操作EXCEL、WORD等办公软件。,2、具备良好的职业道德，工作严谨负责、敬业务实。,3、有良好的沟通协调能力。,4、有数据分析、数据支持经验优先。",http://www.timier.com,500-1000人
数据分析,广州乐牛软件科技有限公司,广州-天河区,无工作经验,招若干人,12-07发布'],   产品专员,  上班地址：黄埔大道西120号高志大厦18楼,"岗位职责：,1、负责完成游戏运营数据的汇总工作，完成数据日报；,2、负责监控游戏运营数据，发现异常能及时分析原因，提出解决方案；,3、能利用源数据，进行汇总整合，形成可视化的图标；,4、能与技术进行沟通，撰写需求，完善数据统计后台。,任职要求：,1、熟悉手游产品，熟悉手游运营各项指标的定义，熟悉手游运营活动；,2、逻辑思维强，对数据分析有强烈的兴趣和探索欲望；,3、接受应届毕业生；,4、有游戏产品运营经验者优先；,游戏数据分析：游戏内部指标项，包括留存率，付费率，游戏数据指标。",http://www.leniu.com/,150-500人
游戏数据分析师,广州四三九九信息科技有限公司,广州,无工作经验,本科,招2人,   大数据开发分析,  上班地址：天河区龙口西路1号岗顶保利中辰广场写字楼6楼,"1、负责满足运营部门、研发部门所提出的数据需求；,2、进行游戏内容，功能的统计分析，优化运营活动以及游戏产品；,3、监控游戏日常指标，定位游戏问题，及时反馈给相关部门；,4、定期制作用户调研问卷，了解玩家意向及搜集数据；,5、提供分析报告，对公司业务的运营进行评估和建议，从数据的角度推动公司运营决策、辅助研发调优产品。,,任职要求,1、本科以上学历，统计学/数学/计算机专业优先；,2、游戏数据经验1年以上，手游经验优先；,3、熟悉游戏业务，精通游戏数据逻辑，理解游戏社交、生态游戏；,4、熟练使用数据处理软件，熟练与数据源交互（包括不限于SQL，Excel，Python，R）；,5、资深游戏玩家，热爱游戏行业，对互联网快速变革高度敏感，理解新一代用户的特点。",http://4399sy.com/,1000-5000人
数据分析师,广州财略金融信息科技有限公司,广州,2年经验,本科,招1人,   数据库工程师管理员,  上班地址：海珠区新港中路艺苑南路13号大院5栋201-1,"1. 负责收集和梳理业务部门数据需求，对业务数据进行分析，为业务部门的数据化运营提供支持；,2. 负责数据的收集/清洗/分析方案设计和实现；,3. 依据业务需求，负责数据产品的规划和设计开发，为数据分析和运营等人员搭建友好高效的数据产品。 ,,任职要求：,1. 本科学历及以上，计算机/数学/统计学等相关专业，1-3年数据分析经验；,2. 熟悉Linux系统操作；掌握Python、Java等至少一种语言；熟练编写SQL代码；,3. 对业务有敏锐的洞察力，有较强的业务理解与分析能力；,4. 工作主动性强，善于交流和沟通，抗压能力强；,5. 具有1-2年金融行业的BI或数据平台开发岗位经验优先考虑；,6. 了解行业前沿的大数据处理方法和框架。",http://www.aikaola.cn,50-150人
数据分析工程师,广州力挚网络科技有限公司,广州-天河区,无工作经验,招1人,12-07发布'],   其他,  上班地址：广州市天河区林和东路285号天安人寿中心14F,"岗位职责：,1、 负责客服中心各类相关数据的收集、整理、统计及分析；,2、负责相关业务数据拉取与整理，对多种数据源进行深度诊断性组合分析、挖掘、建模，出具数据告，为客服中心整体运营提供数据支持；,3、 负责绩效方案的制定及执行，发现绩效中的问题及时提出改善方案；,4、 从客户体验角度分析客服中心服务过程和结果数据，推动流程改善；,5、各项宏观指标的分析，对整体客服中心的运营管理进行数据上的监控；,6、 各类报表模板的制定和优化，撰写运营分析报告；,7、协助团队主管，经理推进各项改善，持续改进工作流程；,8、其他领导交办的工作。,,任职资格：,1、本科及以上学历，数学或统计学相关专业；,2、具备较强的数据分析及处理能力，熟练运用Excel；,3、精通SQL语法；,4、熟练使用Datahoop,SAS,SPSS,Hadoop等一种或多种数据统计分析方法；,5、熟练掌握数据分析技术，数据分类、聚类、时间序列、回归等相关主流算法，至少对其中一种算法有深入理解；,6、对数据敏感、逻辑性强，分析问题客观有依据；,7、责任心强，抗压能力强，较强的沟通和团队协作能力；,8、较强的组织及实时管理能力；,9、较强的成本节约意识；,                                                                                ,10、英文听说读写能力精通者优先考虑。",http://www.zuzuche.com,500-1000人
高级数据分析师,广东新日生物科技有限公司,广州-天河区,2年经验,大专,招1人,   市场分析调研人员,  上班地址：林和中路8号海航大厦,"一、岗位职责：,1.研究市场及产业发展趋势，整理分析企业相关资料和信息，通过分析品类总体趋势，竞争对手产品分布，竞争对手渠道侧重性等市场数据，洞悉品类市场发展状况，从分析结果中寻找商业价值；,2.负责确认、定义和实施在市场营销和商业目标方面的战略衡量指标，提供市场营销的指标看板，通过分析有限的数据，得到公司产品定价和产品促销形式和促销价范围，实现利益最大化；,3.充分了解公司所有业务，并协同业务营销人员，针对关键业务链实现分析、监控、和预测，并对其余业务场景进行专题分析，为业务决策和产品方案提供数据支持；,4.了解互联网电商领域，根据实际业务要求，完成较深入的专项数据分析并形成分析报告，包括但不限于市场分析、产品分析、用户分析、运营分析等，并根据分析结果提出可落地的业务策略建议；,二、任职要求：,1.全日制大专及以上学历，工商管理、统计学、数学、计量经济学、计算机等相关专业；,2.2年及以上市场调研分析工作经验，对数据处理、分析和数学演算能力强，能通过对数据形态和趋势判断结论，并具备一定的经营决策数据分析能力；,3.精通各种市场数据的获取方法、具有海量数据挖掘及分析相关项目经验（电商行业，互联网分析挖掘经验者优先），能够根据不同数据类型和数据来源，制定不同的数据分析方法和建立数据分析模型；,4.对商业和业务逻辑敏感，具备良好的逻辑分析能力、组织沟通能力和团队精神；,5.具备较强的规划和统筹能力，有较强的执行能力。,三、公司福利：,1、工作时间：周一至周五（8:30-12:00；13:30-17:30），周末双休；,2、按国家规定享受国家法定节假日,3、购买五险一金；,4、每年进行年度体检；,5、茶水间提供微波炉、冰箱、饮水机使用。",http://gdnewsun.com/index.php,少于50人
数据分析师 - 广州,精硕科技(北京)股份有限公司,广州-天河区,无工作经验,本科,招5人,   市场分析调研人员,  上班地址：马场路富力盈盛广场,"1、负责广告项目监测数据的收集、整理、筛选，准时准确地完成报告；,2、根据监测数据，及时发现问题并提出合理性解决方案及建议；,3、维护现有客户关系，定期为既有客户进行网络广告最新行业动态的培训。,,任职要求：,1、本科及以上学历，广告，市场营销、心理学、统计等相关专业优先；,2、1年或以下工作经验(高级数据分析师)；,3、拥有1年以上广告公司策划、数据分析、网站分析相关工作经验(高级数据分析师);1年或以下工作经验(数据分析师)；,4、较强的沟通与表达能力；,5、工作热情，有良好的服务意识和团队合作精神；,6、学习能力强，有责任心，对数字敏感；,7、优秀的英文听说读写能力，能熟练使用PPT和EXCEL。,,,,",http://www.admaster.com.cn,150-500人
Big Data Analyst大数据分析,广东万宁连锁商业有限公司,广州-越秀区,3-4年经验,本科,招1人,   大数据开发分析,  上班地址：越华路185号机械大厦主楼2楼,"  ,Responsibility工作职责：,1. UsingTableaudevelopmenttoolstosupportreportdevelopmentandmaintenance,使用Tableau开发工具，支持报告开发维护,2. Buildingupdatamodelanddevelopingafront-endReport,构建数据模型，开发前端报告,3. ResponsiblefortheimplementationofTableauandthepresentationofthereport,负责Tableau的实施以及报表展现,,Requirements任职资格要求：,1. Bachelordegree,majorinITordataanalysis,大学本科,主修IT或数据分析学,2. Morethan2yearsexperienceinMicrostrategyandTableau,retaildataanalysisbackgroundispreferred.,具备3年以上大数据分析经验，有Tableau实战经验,、零售业数据分析背景优先,3. FamiliarwithOracledatabaseandmastertheSQLstatementandTableau,熟悉Mysql或者Oracle数据库,掌握sql语句,有建模经验优先",http://www.mannings.com.cn,1000-5000人
高级数据分析师,深圳索信达数据技术股份有限公司,广州-天河区,无工作经验,本科,招2人,   算法工程师,  上班地址：黄埔大道西广州银行大厦6楼,"<b>索信达是中国领先的金融AI公司、中国金融行业主要的人工智能技术和产品提供商。索信达公司成立于2004年，现有团队规模400余人。索信达专注于为金融机构-银行提供基于人工智能技术服务的精准获客、活客、留客和营销智脑、信用评分、风险管理、申请/交易反欺诈等金融业务咨询及解决方案项目落地实施。</b>,<b></b>,岗位职责：,1、负责金融AI实验室的课题研究；,2、负责公司内部建模算法培训；,3、协助解决公司项目上的技术难点问题；,4、协助金融AI实验室的产品孵化。,,任职要求：,1、具有数学或统计相关专业的学习背景，且具备较强的学习和研究能力；,2、熟悉机器学习等常用算法；,3、熟悉神经网络算法或自然语言处理技术；,4、有应用神经网络、深度学习或自然语言处理技术经验者优先。",http://www.datamargin.com/,150-500人
数据分析员,广州市碧婷服饰有限公司,广州-白云区,无工作经验,招若干人,12-08发布'],   其他,  上班地址：广州市白云区鹤龙道彭西华联工业区9号自编A栋303-309（玫瑰商务中心旁边，韩国物流三楼）,"岗位职责：,1、协助网店店长对店铺动销情况进行监管。,2、针对所负责店铺不同产品属性做出相应动销调整等。,3、协助电商运营进行店铺的日常维护，产品上新、下架，活动跟踪等。,4、协助上级同事处理店铺其他事项。,任职资格：,1、中专以上学历，有半年运营助理经验优先，对淘宝或天猫运营了解。,2、做事细心、耐心、有团队精神。,3、熟练使用办公软件。",http://hego.tmall.com; bqueen.tmall.com,150-500人
数据统计员（数据分析员）,广州康朝药业有限公司,广州-天河区,无工作经验,招3人,12-07发布'],   统计员,  上班地址：天河路490号壬丰大厦3818室,"1、对销售数据进行统计、分析；,2、领导安排的其他工作；,任职要求：,1.大学专科及以上学历，会计、统计学等相关专业；,2.一年以上快速消费品行业数据分析工作经验，有医药销售数据分析经验的优先；,3.具有数理统计相关知识;能熟练使用EXCLE、SPSS等统计软件；,4.工作积极主动、认真、严谨。",http://www.gzkangchao.com,1000-5000人
大数据分析经理,云康健康产业集团有限公司,广州,3-4年经验,本科,招1人,   大数据开发分析,  上班地址：广州市萝岗科学城荔枝山路6号," ,岗位要求：,1. 具有大数据，或者互联网数据产品的咨询和设计经验；,2. 具有较强的沟通能力、能出差进行调研、有驾照及汽车者优先录用；,3. 具有数据分析挖掘、机器学习的应用实践经验；, , , ",http://www.yunkanghealth.com,1000-5000人
数据分析（初级）,深圳市优阅达数据科技有限公司,广州-天河区,无工作经验,本科,招2人,   大数据开发分析,  上班地址：体育东路羊城国际商贸东塔3511,"岗位职责：,1、整合和分析网络营销数据，进行分析并用于指导网络营销；,2、负责网络媒介投放监控、市场推广跟踪、广告效果评估等数据分析工作，制作阶段性报告；,3、互联网大数据分析（了解金融、消费品等行业网络营销行业趋势，消费需求挖掘，网民行为洞察，进行大数据分析和挖掘） ；,4、紧密跟踪互联网与移动互联网的发展现状与趋势，为公司在移动互联网背景下开展营销创新提供建议。,,任职要求：,1、大学本科及以上学历，应用数学、统计学或相关专业，应届生亦可，使用Tableau者优先；,2、熟悉各类数据分析方法，可以使用各类数据分析工具（Excel、Acess等）；,3、能够熟练使用SQL等数据库，进行读取数据；,4、对数据敏感，热爱数据整理、分析工作，较强的学习能力；,5、优秀的团队合作精神和执行能力，强烈的责任心和正直严谨的工作态度。",http://www.dkmeco.com,50-150人
商品数据分析专员,广州威曼服饰有限公司,广州-白云区,1年经验,中专,招1人,   业务分析专员助理,  上班地址：广州市白云区云城街萧岗花园路66 号名珠创意园 G 栋,"岗位职责：,1、负责日常报表的输出，建立各业务部门数据看板；,2、对终端商品数据，销售数据进行统计分析，定期总结并制作分析报告；,3、深入理解公司运营管理方向和战略，通过数据提取分析，为运营管理提供决策与支持；,4、理解业务的运作，基于业务的各项营运指标和商品指标进行分析监测；,5、负责各类数据报表的开发，优化，数据自动化。,,职位要求：,1、至少1年以上服装零售行业工作经验，有“终端营运”或“商品管理”经验者优先；,2、能够对业务的理解，通过分析工具，分析商品销售库存数据并得出结论；,3、熟悉掌控数据工具，包含（Excel、PPT、VBA、SQL）；,4、有较强的数据嗅觉，时刻关注业务动态，分析业务需要提升的方向；,5、喜欢数据分析，对数据有浓厚的兴趣。,,福利待遇：,1、双休，5天8小时工作制，五险一金；,2、按国家规定享受法定带薪假期，年假；,3、不定期组织员工内部培训或外训，给员工提供自我提升与增值的机会；,4、不定期举办丰富多彩的员工活动，如：员工旅游、生日PARTY、年会。",http://www.v-men.com.cn,150-500人
媒介数据分析专员,广东咏声动漫股份有限公司,广州-越秀区,1年经验,大专,招若干人,   媒介专员,  上班地址：广州大道北193号新达城广场南塔27楼,"岗位职责：,1.负责运营组媒介数据分析、监播及相关宣传推广工作；,2.负责媒介物料整理及出入库；,3. 同期竞品数据监播，监控流量的走势并进行分析解决；,4.负责对接各大平台，沟通落实影片上线及优质的资源位；,5. 新片上线前的物料输出，其中包含：正片、花絮、预告、banner图等物料；,6.不定时策划有益于新片播放量的线上或线下活动。,任职要求：,1.具有一定媒体运营经验，能有效合理完成上级交付的任务；,2.善于沟通，具有一定分析、数据处理能力；,3.熟悉常规办公软件及微信、微博等新媒体的使用；,4.有媒介分析经验者优先。",http://www.winsing.net,500-1000人
游戏数据分析师,成都米粒乐享人力资源管理有限公司,广州-天河区,2年经验,本科,招3人,   大数据开发分析,  上班地址：广州天河区科韵路信息港,"岗位职责：,1. 为游戏设计提供有价值的数据支持，并针对游戏玩家群分析定制策略；,2. 深入了解游戏行业，对游戏数据建立分析模型，获得用户行为动机、目的和原因；,3. 研究游戏中各系统的设定，从数据中提出更优的改进策略；,4. 参与多款游戏的数据分析工作，为产品提供迭代开发数据支撑；,5. 新人培养。,,岗位要求：,1. 本科或以上学历，数据挖掘、机器学习、计算机、统计、数学等相关专业；,2. 1年以上互联网产品数据挖掘和分析经验，有游戏行业背景优先；,3. 熟悉linux平台下的代码开发，精通一种以上面向对象编程语言及其思想，精通SQL；,4. 熟悉分布式架构，有hadoop/hive使用经验；,5. 熟悉Shell/Mysql/Python相关技术者优先；,6. 充分的数据敏感度，能从海量数据表现中提炼核心结果，及时分析数据中隐含的变化和问题；,7. 热爱网络游戏，对游戏制作有一定了解者优先。",http://www.milyleshare.com,50-150人
数据分析师,上海羽厚亦网络科技有限公司广州分...,广州-天河区,无工作经验,招若干人,12-07发布'],   大数据开发分析,  上班地址：天河北路626号保利中宇A座405,"数据分析师,岗位职责：, 1、面向游戏业务数据，为游戏产品数据化产品和运营规划方向提供数据支撑；, 2、对日常数据报表的制作和维护，负责整体产品、运营数据监控和分析；, 3、根据游戏产品运行情况，合理的预测收入、规模等走势，通过数据监控游戏中的情况，及时发现运营中可能存在的问题。,任职要求：,1、本科以上学历，统计学/数学/专业的优秀应届生；,2、游戏数据经验1年以上，手游经验优先；,3、熟悉游戏业务，精通游戏数据逻辑，理解游戏社交、生态游戏；,4、熟练使用数据处理软件，熟练与数据源交互（包括不限于SQL，Excel，Python，R）；,                                        ,5、资深游戏玩家，热爱游戏行业，对互联网快速变革高度敏感，理解新一代用户的特点。",http://www.10001wan.com,少于50人
数据专员/数据分析/BI,广东明世教育集团有限公司,广州-番禺区,2年经验,大专,招1人,   大数据开发分析,  上班地址：汉兴中路55号保利大都汇B6栋3楼全层（汉溪长隆）,"岗位职责：,１、负责对公司各类业务数据的采集、统计、评估与分析，并建立公司每日、周、月、季、年度不同维度数据分析报表，为流程改善和业务发展提供数据支持,２、按时间要求完成所负责项目的内部报表和外部报表、并进行报表数据的整合与管理 ,３、负责对各类方案进行分析工作，建立数据分析模型，协助进行项目的运营管理,４、负责公司系统日常维护工作，主动解决系统使用中出现的问题,５、完成领导交办的其他工作内容,,,加入明世大家庭，你将拥有：,1、社会保险（五险一金等）；,2、节日福利：传统节日贺礼、购物卡等；,3、文娱活动（员工生日party、每周羽毛球、篮球等健身活动，不定期户内外活动、周年庆、年会等）；,4、部门每月额外团建经费（每月聚餐、KTV等休闲活动）；,5、定期提供员工在岗培训，提升专业技能和个人竞争力。,6、公司地处番禺区汉溪长隆地铁口写字楼，交通便捷,7、公司设有下午茶货架，可扫码取用。,我们是一个年轻、朝气，温馨而又充满活力的团队，欢迎加入我们！",http://www.mshiedu.com/,500-1000人
数据分析师,广州女人帮健康科技有限公司,广州-白云区,3-4年经验,大专,招1人,   大数据开发分析,  上班地址：广州市白云区鹤边嘉禾酒店311,"工作职责：,1. 负责收集和梳理各部门数据需求，对数据进行分析，为各部门相关活动、运营数据化运营提供支持； ,2. 负责数据的收集/清洗/分析方案设计和实现； ,3. 依据业务需求，负责数据产品的规划和设计开发，为数据分析和运营等人员搭建友好高效的数据产品。 ,,任职要求： ,1. 本科学历及以上，计算机/数学/统计学等相关专业，1-3年数据分析经验； ,2. 熟悉Linux系统操作；掌握Python、Java等至少一种语言；熟练编写SQL代码； ,3、 熟练使用Excel，R，SAS或其他统计分析工具辅助工作； ,4、 对业务有敏锐的洞察力，有较强的业务理解与分析能力； ,5、工作主动性强，善于交流和沟通，抗压能力强； 6、 熟悉数据挖掘的基本原理和相关算法； 7、 逻辑思维能力强，具备良好的沟通能力",http://www.gdkjmr.com,150-500人
电信业务数据分析专员,广东昱辉通信技术有限公司,广州-越秀区,1年经验,大专,招1人,   技术文员助理,  上班地址：中山二路18号电信广场,"1、具备一定电信行业业务知识（移动网络类、宽带网络类等），以及电信运营商业务流程，投诉处理等知识；,2、有一定Excel功底，懂得运用Excel制作报表，运用公式进行批量计算，排序，筛选及报告内数据自动更新等；,3、语文水平良好，具备一定PPT和编写报告类Word文档能力及经验；,4、工作细心谨慎，抗压能力好，能独立完成客户交付的工作；,5、性格开朗，与人沟通融洽，能与客户及其他项目团队保持良好密切的关系；,6、具备一定计算机开发知识（需求、Java，数据库，开源等）或数据挖掘（R语言、SPSS）优先。",http://www.gdyuhui.net/,150-500人
数据分析/DP经理,艾瑞咨询集团,广州-天河区,3-4年经验,招1人,12-07发布'],   系统分析员,  上班地址：林和西路159号中泰北塔707,"工作职责：,1.从数据层面为调研逻辑提供指导，协助审核问卷逻辑；,2.对数据质量进行把控，完成数据清洗工作；,3.数据分析处理，形成数据报告；视项目需要提供高级统计分析；,4.参与模型开发与固化；辅导研究团队学习理解各类建模工具与模型特性；,5.搭建团队，根据项目执行量和执行质量的需要做好外包资源储备和相应的外包管控。,,,任职要求：,1.计算机、数学、统计学等相关专业，大学统招本科及以上学历；,2.3年或及以上数据分析相关工作经验；,3.熟悉统计分析方法，精通昆腾或Dimension，熟悉SPSS、eViews操作，有Python、R语言编程或SQL使用经验者优先；,4.数据敏感度高；具有良好的逻辑分析能力、沟通能力和团队合作意识；,                                                                ,,,5.良好的自我驱动力和自我规划能力。",http://www.iresearch.com.cn,150-500人
电商推广&amp;数据分析经理,上海赫基服饰贸易有限公司,广州-天河区,3-4年经验,招1人,12-07发布'],   大数据开发分析,  上班地址：林和中路8号海航大厦17楼,"岗位职责：,1.负责天猫等各电商渠道运营数据的采集、统计、整理、汇总，并根据需求进行分析处理 ,2.负责常规、定期数据报告的撰写与推送，并沟通问题点及解决方案 ,3.监控运营数据、解读运营数据的波动，从而发现问题，并提出相应的解决方案，洞察业务动作，提供决策基础 ,4.建立数据分析方法和模型，开发相关数据报表模板，为数据分析提供必要的数据支持 ,5.根据业务部门需求，提供必要的数据支持服务 ,6、跟进产品市场表现，对每日平台销售情况进行实时监控，根据销售情况及时做出调整；,7、通过对品类、SKU进行市场分析，根据销售环节的反馈，拓展、优化供应商及产品，完成预期销售指标；,8、实时收集市场动态、流行趋势、活动促销等市场情报，并根据数据库进行数据分析，建立产品情报站；,9、完成上级临时交办事项。,,任职要求：,1、3~5年电商行业的运营经验,2、专科以上学历，统计学相关专业；,3、熟练使用Excel图表、透视及函数等数据处理功能,4、对数据与电商业务有足够敏感度与耐性，逻辑思维缜密，能独立思考、具有良好的团队协作能力、自学能力、沟通能力，具备良好抗压力，踏实负责,",http://www.trendy-global.com/,500-1000人
数据分析（项目管理）,广东乐数信息科技有限公司,广州-天河区,1年经验,大专,招1人,   数据库工程师管理员,  上班地址：珠江新城黄埔大道西120号高志大厦8楼全层,"职位描述：,1、负责对接资方和企业方的尽职调查及相关资料、数据的汇整；,2、负责外部机构项目合作中的商务计划书、PPT等编制；,3、负责监测分析业务运营情况，产品中各项指标的统计，定期出具相关数据报表，需对数字保持高度敏感性；,4、定期输出对接部门相关的报告，汇报每月对接部门运营情况，推动对接部门的业务优化；,5、负责专项业务的分析与预测，KPI指标的制定与分解。,6、专题分析，提供决策层，管理层和执行层所需的各类数据提取，专项分析和建议；,7、发现公司产品的的业务风险和机会，及时回避风险提高资金回报率；,,职位要求：,1、全日制本科以上学历，数据分析专业相关；（一年以上互联网金融行业经验者优先）；,2、具有优秀的学习能力，条理清晰，有良好的表达能力及沟通能力，有较强的组织语言文字功底，数据分析和逻辑能力；,3、做事认真细心，有上进心，有责任感，能承受工作压力，适应互联网公司的快节奏；,4、熟悉SQLServer、Mysql、Python、office等微软数据库；（需熟悉SQL或Python）；",http://fq.hydbest.com,150-500人
数据分析专员,广州市艾佩克养殖技术咨询有限公司,广州-南沙区,1年经验,本科,招10人,   信息技术专员,  上班地址：广州市南沙区东涌镇市南公路663号广州冠胜国际种业科技园自编A栋五层L5-08-10-11-12-13号,"1、猪场数据分析挖掘，帮助客户发现问题并解决。,2、 猪场数据日常监控，编写分析报告。,3、 汇集客户常见疑问并发掘客户的需求，给软件开发、数据挖掘提供参考依据。,4、 完成领导交待的其他事项,任职要求：,1、 对猪场数据分析兴趣强烈优先考虑，统计学、动物数量遗传学、动物科学类、计算机类等相关专业优先，本科及以上学历。,2、 热爱农牧行业，对猪场数据敏感，有相关经验优先,3、有一定的分析报告撰写能力,4、适应经常出差、猪场的工作环境",http://www.ipiginc.com,少于50人
数据分析员/经理助理/数据统计员（广州白云区上班）,深圳市森广源实业发展有限公司,广州-白云区,无工作经验,大专,招2人,   订单处理员,  上班地址：人和镇秀水村沙滩西28号中国移动B栋2楼,"1、具备较强的公文写作能力；,2、有数据统计及数据分析能力；,3、负责对接客户处理业务异常；,4、负责日常业务往来邮件处理；,5、定期对进出库数据进行统计；,6、定期向客户和上级反馈业务数据。,,上班地址：广州市白云区人和镇秀水村沙滩西28号中国移动B栋2楼,联系人：杨经理13802805230",http://www.szsgy.com,150-500人
数据分析专员,广州市铭瑜服饰设计有限公司（诺曼...,广州,1年经验,招1人,12-07发布'],   业务分析专员助理,  上班地址：广州市番禺区南村镇兴业路488号（江南工业区） 52路、10路、186路、9号地铁接驳线 往南村方向 在江南工业区站台 下车 回走200米即到,"1、对商品的进销存数据进行统计分析，为公司经营决策提供数据支持；,2、对商品终端销售数据进行统计分析，及时分析商品的动销率；,3、制定各种数据表格，并对各项数据进行分析整理及各种数据的汇总工作，核对相关数据，定期总结并制作当月商品及重大节假日的分析报告；,4、深入理解产品的方向和战略，通过数据提取分析，为商品运营提供决策支持；,,职位要求：,1、专科以上，具备一定的职业敏感度，至少1年连锁零售行业商品分析或数据分析岗位工作经验；,2、具有良好的数据分析能力，熟练使用函数及数据分析工具，能熟练操作ERP系统更佳；,3、熟悉服装零售行业的商品进销存管理；,4、熟悉货品上市流程与节奏，有较强的数据分析能力和预测能力；,5、工作细致、严谨，有较强的责任心。",http://www.gzrmk.com,150-500人
数据分析应届毕业生,广州神灯商务服务有限公司,广州-天河区,无工作经验,大专,招若干人,   大数据开发分析,  上班地址：林和中路152号天誉花园一期高雅阁2101-2102室,"岗位职责：,1、负责监控日常项目的产品情况,数据使用情况;,2、能够结合业务和数据分析产品运营情况，撰写基于数据的周、月度分析报告，并提出项目改进方案；,3、负责项目产品的信息查找、资料梳理、优秀评估工作；,4、收集各个项目问题和需求，协调和跟踪项目问题的处理，并及时跟踪反馈；,5、负责项目的PK,周单封以及简单分析,并对结果推动;,6、逻辑能力强，思维严谨，善于沟通并将问题图表化,7、服从领导分派的其他工作事宜。,,任职要求：,1、大专以上学历，计算机、经济学、统计学相关，应届毕业生优先；,2、有没经验均可，入职后有专人培训,3、对数据敏感，思维敏捷，逻辑思维强，能独立撰写数据分析报告,4，工作认真负责，承压能力较强，良好的团队合作精神,5、熟练运用Word/Excel/PowerPoint等办公软件。,公司福利,1、薪资结构：工资+餐补（每个工作日20元）+全勤奖金200-300（只要您的条件优越我们一定会让您在我们平台展翅飞翔）,2、福利制度：五险一金、双休、法定节假日、有薪病假、婚假、产假、带薪年假、年终奖、十三薪、结婚礼金等一系列福利。,3、上班时间：五天7小时工作制 上班时间：9：30-12：30  14：00-18：00    （少加班，如果加班将按照国家规定的补助再加一倍标准。如节假日加班国家规定是3倍工资，神灯公司将按4倍执行）,4、员工活动：年度旅游、每月聚餐、下午茶、生日会、等团队娱乐活动。,5、工作地址：广州市天河区林和中路152号天誉花园一期高雅阁2101-2102房 （紧邻地铁1/3/APM线广州东站和公交总站，交通便利，楼下是宜家家居，附近是东方宝泰MALL。）",http://www.mail-mall.com,少于50人
数据分析（实习）,广东赢商网数据服务股份有限公司,广州-天河区,无工作经验,招1人,12-07发布'],   实习生,  上班地址：金穗路3号汇美大厦21楼,"岗位职责：,1.协助完成数据的收集、汇总分析工作，协助完成相关研究报告；,职位要求：,1、熟悉Excel操作和基础函数；,2、熟悉PPT制作，有较好审美观；,3、细心、有责任感，数据敏感；,4、统计学、市场营销、数学、应用数学等专业（本科大三、大四学生优先）",http://www.winshang.com,150-500人
数据助理（数据分析方向）,北京新生代市场监测机构有限公司广...,广州-越秀区,无工作经验,招1人,12-07发布'],   情报信息分析人员,  上班地址：广州市越秀区广州市中山六路232-258越秀新都会大厦22楼中座,"岗位职责：,1、项目管理的参与和配合；,2、负责研究电子问卷的设计；,3、按照项目进度要求，按时、按质完成相应环节的数据处理工作并为后期高级统计分析提供支持；,4、数据分析处理，使项目执行高效及时进行，提供精确的数据分析材料；,5、完成研究项目数据分析报告。,,任职资格：,1.大专以上，专业不限；,2.优秀应届毕业生，具备市场研究行业数据职位工作经验为佳；,3.具有较强的逻辑分析能力，良好的沟通协作能力；,4.具有团队合作精神，责任心强，积极主动，稳定踏实；,5.精通使用Windows Office办公工具，熟悉统计分析方法，SPSS操作。,,本公司将为被录用者提供广阔的发展前景及良好的福利待遇：,1、健康良好的个人职业发展平台及完善的薪酬体系；,2、薪酬结构=月薪+奖金（面议）；,3、完善的保险及公积金（五险一金）；,4、员工福利＝带薪年假＋周末双休＋下午茶+员工旅游+年度体检+节日礼物+周年礼品等。,,公司官网：http://www.sinomonitor.com",http://www.sinomonitor.com,50-150人
数据分析师,广东韵为大数据技术咨询有限公司,广州-天河区,2年经验,大专,招若干人,   数据库工程师管理员,  上班地址：广州市天河区华观路1933号万科云城B栋B204-206室（公交站：凌塘村站）,"1、专科或以上学历，计算机软件、软件工程、统计及相关专业优先考虑。,2、熟练掌握SQL、Oracle、MySQL等主流数据库，对数据库性能优化有丰富经验；,3、熟悉存储过程开发，熟悉数据预处理技术，并有数据库架构，开发，建模经验。,5、能承担开发压力，有独立开发设计系统经验、有医疗行业软件开发、实施经验优先考虑。,6、具有良好的协调、沟通能力，团队合作能力强。,,岗位职责：,1、独立或与团队合作，完成产品的设计开发与功能优化；,2、具有良好的协调、沟通能力，并能够理解客户需求，并能制定相关技术与产品的解决方案；,3、耐心处理客户提出的反馈意见，做好产品跟踪及升级维护；,4、负责数据仓库架构，数据集市建模，维度建模，业务梳理，存储过程编写，算法程序编写要求。,,,待遇优厚，会满足你的要求。双休，节假日按照国家规定放假，五险一金,base地：广州，可以适当出差，有出差补贴。",http://www.yunweiinfo.com,50-150人
医学数据分析师,广州天鹏计算机科技有限公司,广州-天河区,8-9年经验,硕士,招2人,   医院管理人员,  上班地址：黄埔大道西100号富力盈泰广场,"岗位职责：,1. 负责医疗项目的需求调研、数据分析、商业分析和数据挖掘模型等，通过对用户的行为进行分析了解用户的需求；,2. 负责数据分析需求的调研、分析及实现指导；,3. 参与数据挖掘模型的构建、维护、部署和评估；为医疗计算类指标提供统计学算法；,4. 根据业务需求，建立维护公司医疗产品的指标体系、中文语料库和知识库；,5. 参与医学信息产品需求资料的收集与调研，并参与设计、撰写相关需求；,6. 与医院客户沟通，协商业务逻辑，确定指标范围及业务算法,7. 处理和完成相关的行政性事务，如会议筹备和组织等工作；,8. 完成上级领导交办的其他工作。,  ,任职要求：,1. 医、药学相关专业或医学统计学专业，全日制硕士或以上学历；,2. 3年以上医药行业经验，有1年以上医疗数据分析经验；非常熟悉统计学、人工智能；,3. 英语六级以上，熟练掌握中英文文献检索、阅读等技巧；,4. 熟练使用excel；熟悉oracle数据库，精通SQL、SPSS；  ,5. 热爱医学数据工作，强烈的责任心，工作认真、细致、有条理，善于学习；,6. 认同健康管理事业，有良好的团队协作精神，有较强的抗压能力；,7. 有合伙人精神，坦诚互信、专业高效，能不断自主驱动和突破。",http://www.tp-data.com,50-150人
产品经理（数据分析）,广州前实网络科技有限公司,广州,3-4年经验,大专,招若干人,   产品经理主管,  上班地址：广州市白云区云城西路888号白云绿地中心3307,"岗位职责：,1、负责平台相关的数据分析工作，包括数据分析和数据应用设计；,2、验证产品上线数据效果，定期对自身产品、整体行业、竞争对手等进行数据分析和评估，负责跟进和验证策略的效果，并评估可行性；,3、对接需求方，收集用户反馈，负责用户调研，用户体验分析；,4、负责需求分析，原型设计。产出原型、PRD、相关报告；,5、负责跟进项目上线和优化。,岗位要求：,1、有1年以上数据分析、数据挖掘工作经验或产品工作经验；,2、数据敏感度及逻辑能力强，有清晰的思路和数据分析能力；  ,3、熟练使用Axure、墨刀、visio、思维导图等工具；,4、懂汽配、汽车参数，对汽车汽配知识有相关了解者优先。",http://www.qxbapp.com,50-150人
数据分析专员,广州市金宇服装有限公司,广州,1年经验,大专,招1人,   产品品牌专员,  上班地址：广州市白云区大金钟路47号二、三楼,"   1、对总体的期货执行、库存结构、产品总体进销指标负责，以指标为标准，支持、服务于商品各板块。,<p style=""text-indent: 2em;"">2、按照部门整体要求，对数据进行收集和分析，提交相关报表到上级。,<p style=""text-indent: 2em;"">3、日常数据整理，报表格式根据要求进行规范，达到定时，准确提交。,<p style=""text-indent: 2em;"">4、随时关注货品库存变动情况，对新上市货品和促销货品进行阶段性数据库存分析。,<p style=""text-indent: 2em;"">5、收集竞争品牌推广及新货上市动态。,<p style=""text-indent: 2em;"">6、完善商品部各板块相关报表，优化各板块报表工作。,<b>任职要求：</b>,<p style=""text-indent: 0px; ""><span style=""text-indent: 2em;""><b>  </b>1、2年以上中高端品牌服装商品计划或商品企划经验；,<p style=""text-indent: 2em;"">        2、有一定的数据分析能力，熟练操作服装经销存软件，对PPT及图片处理等工具熟悉；    3、服装审美能力强，有敏锐的时尚触角；    4、沟通协调能力，有团队合作意识。",http://www.aikerl.com,500-1000人
数据分析师（驻外企）,深圳市卓越方达科技有限公司,广州-番禺区,无工作经验,大专,招2人,   系统分析员,  上班地址：利丰大道利联仓行,"<b>Principal Responsibilities: </b>,,1, Coordinate urgent and complicated support issues. act as escalation and information within the organization and determining root cause of issues and communication appropriately,,2.Collecting user comment/complaint from all sources, work with issue champions and drive other service party to improve user satisfaction rate.,,3.Providing excellent customer communication and assistance throughout the process. Effectively manage customer expectations,,4. Responsible for understanding manager’s requirement, design reports using data form one or multiple systems with methodologies and business acumen to generate recommendations to a variety of moderately complex problems.,,5, Provide recommendations base on it capabilities for HD process best practices,, ,,<b>Knowledge, Skills &amp; Qualifications: </b>,,<b>Documentation Skills</b>,,1.Ability to write concise and unambiguous English.,,2.High proficiency in Microsoft Excel and PowerPoint.,,<b>Technical Skills</b>,,1.Knowledge of ITSM is preferred,,2.Knowledge of project management is preferred,,3, Requires strong analytic skills and ability,,<b>Advantageous Skills and Experience</b>,,1.College and above graduation, and 3 - 5 years’ experience in IT operation, like Helpdesk analysis, data analysis, Business Analysis, project coordination, etc,,2.Experience in customer service/customer facing and service report delivery,,4. Cantonese speaking, can read and write English,,5. Willing to take challenge,,6.Familiar with Service now system is a plus.,",http://www.zonefound.com.cn,50-150人
数据分析助理,广州中味餐饮服务有限公司,广州,无工作经验,本科,招2人,   采购助理,  上班地址：开发区开达路77号,"1、学习对采购计划数据收集、分析、规划工作 ；,2、学习实施和推进采购计划，完成公司的推进进度；,2、学习制定和推进产品上市波段方案；,3、学习品牌、渠道（店厅）、月度货品进、销、存分析；,4、学习结合数据分析的市场调研工作,任职资格：,1、本科学历以上，应届生优先；,2、工作认真，积极，有好学心态优先录用。,3、能够精通办公软件的操作，在Excel的操作无阻碍很清晰；",http://www.cdcic.cn,1000-5000人
客服专员（数据分析方向）,三椒口腔健康股份有限公司,广州-黄埔区,1年经验,大专,招1人,   商务助理,  上班地址：开创大道彩文路170号飞晟文汇广场座5至6楼,"岗位职责,1、负责各系统的订单录入、退货、物料、库存、销售数据、客诉、公司证件督办、跟进、执行、反馈等事项；                                                                                                              2、负责每天从系统导出相对应销售数据并分析；,3、负责核对仓库每月出入库数据。,岗位要求,1、中专以上学历，市场营销或相关服务专业；,2、2年以上企业大客户工作跟进服务经验或相关工作经验者优先；,3、较强的亲和力和沟通能力，具备一定的协调能力，做事细心耐心，肯吃苦耐劳；,4、对数据敏感，能做全盘透析表；,5、有服装、日化客服或者有各商超系统操作经验优先。",http://www.3jiao.com/,1000-5000人
数据分析专员,广州市朵以服饰有限公司,广州-荔湾区,2年经验,大专,招若干人,   其他,  上班地址：广州市荔湾区西村西增路原创元素创意园A7栋,"<span style=""font-size: 12px;"">1、负责完成公司日常销售报表，展示终端营运情况；,2、定期分析终端店铺销售数据（类别存销、产品排名、类别动销），针对当季、应季销售过程中商品储存状况，合理控制商品销售折扣，及时提出促销建议方案；,3、负责公司终端店铺销售与库存数据分析，提出相关营销改善建议方案。,4、负责商品与销售周例会分析等各类分析报告，提供分析结果支持业务开展；,5、通过数据分析，协助商品精确定位，为货品需求提供建议，提升销售及货品运转。,任职资格：,1、市场营销或统计相关专业，大专及以上学历；,2、从事商品管理或数据分析工作2年以上，熟悉终端店铺各项数据分析工作；,3、对数字有强烈的敏感度，具备较强的数据分析及问题的解决能力；,4、熟悉ERP系统，Excel等办公软件熟练，熟练运用函数及数据透视表，熟悉数据分析综合处理。",http://www.duoyi.cc/,500-1000人
大数据/数据分析/培训讲师,广州迪奥信息科技有限公司,广州-天河区,3-4年经验,本科,招2人,   培训讲师,  上班地址：天河区华观路田头岗二路一横街4号起点国际3F,"1、培训规划和计划：根据公司业务发展需要，分阶段制定培训计,进行培训需求调研工作，协助进行培训课程管理；,2、培训资源管理：根据企业培训需求，收集、评估相关课程、学习资料；开拓并维护合适的学习与培训渠道，确保培训资源的丰富性与适用性；,3、培训授课：了解学员需求，参与培训授课，编制培训讲义、做好备课工作，丰富课程内容，设计课程结构，做好现场把控，根据课程反馈不断完身培训课程；,4、培训效果总结：做好培训记录并跟进培训后的效果反馈；分析总结培训工作，提出培训管理与课程完善合理化建议；对培训效果进行评估，并提交分析报告；,5、根据公司业务发展需要，分阶段制定培训计划,,岗位要求,① 1年以上的工作经验，2年以上大数据分析经验；,② 本科以上学历，统计学，运筹学，应用数学，计量经济专业；211工程大学优先；有教育背景优先；,③ 具备数据建模能力、熟悉SAS软件；,④ 具备战略性和前瞻性思维能力，善于把握全局，能够灵活运用架构，准确抓住问题要害，并提出合理的解决方案；,⑤ 有BI、数据挖掘、大数据或相关领域设计和开发经验优先；",http://www.deeao.net,少于50人
数据分析工程师（模型开发）,佛山运龙泰进出口有限公司,广州-海珠区,无工作经验,招若干人,12-06发布'],   数据库工程师管理员,  上班地址：广州市海珠区分公司——广州市海珠区广州大道南1601-1603号广州创投小镇创投集聚区七号楼3层302（地铁3号线：大塘站）,"岗位职责,1、对网站的流量、用户、交易、渠道、活动等数据进行定期统计和分析；,2、根据需求从产品、客服、技术等部门收集数据，并协助技术和产品部开发数据平台；,3、利用一定的建模技术或挖掘技术对用户数据进行分类，并进行精细化运营及营销；,4、熟悉数据统计分析或挖掘技术，推动统计分析模型的建立和完善，为运营决策提供支持；,5、根据数据分析和对业务形态的理解，对产品、服务、营销等活动提出合理化建议的建议；,6、领导及各部门数据需求等临时专项等工作。,,任职资格,1、本科以上学历，统计学、应用数学、计算机、计量经济、金融等相关专业优先；,2、熟练掌握和运用相关数据分析软件，至少掌握SAS、SPSS、R、MATLAB、Excel等统计工具中的一种；,3、具备较强的逻辑思维能力、决策判断力及较强的学习能力；,                                                ,4、熟悉GA、百度统计等网站数据统计平台。",http://www.vigor-dragon.com,50-150人
资深开发主管（空间大数据分析与开发）,广州城市信息研究所有限公司,广州,无工作经验,招2人,12-06发布'],   高级软件工程师,  上班地址：广州市天河软件园建中路66号佳都商务大厦东座3楼,,http://www.chinadci.com,150-500人
数据分析员,广州娇丽芙个人护理用品有限公司,广州-越秀区,1年经验,大专,招1人,   业务分析专员助理,  上班地址：应元路32号恒源大厦3楼,"数据分析员工作,工作内容：,1、每日利用BI、美滴滴（未上线区域有区域提供数据）做全国的业绩日报表,2、每月做项目月报表：石灸、四维动力美眼、酵素,3、美时科技消耗金额的计算、检查,4、非上线区域会员动态数据的收集、整理,5、做经营月报表：店面业绩分析、会员分析、疗程普及率,6、做消耗欠款数据报表,7、每月做经营月报PPT,8、根据总部、各区域的公文，在CRM后台建立相关产品档案,9、维护疗程价格档案,10、协助区域解决BI、CRM等相关系统问题,11、其他临时事宜,,公司福利：,1、工作时间：周末双休，五险一金；,2、享有带薪年假、病假、婚假、产假、陪产假、哺乳假、丧假等各类假期；,3、节日福利、员工旅游、定期户外团队活动；,4、办公环境宽敞明亮，工作氛围开放活泼；,5、全勤奖、年终奖；,备注：公交211、旅游专线1（应元路站）、小北花圈站、东风中路站、纪念堂站；地铁2号线纪念堂C出口、1号线小北站A出口。",http://www.jolyviabeauty.com/,1000-5000人
数据分析师,广东雅倩化妆品有限公司,广州,3-4年经验,本科,招1人,   数据库工程师管理员,  上班地址：广州市天河北路689号光大银行大厦28楼,"岗位职责：,1．在网站数据和营销传播两个方向上提供多维数据分析服务，并根据数据分析结果提出业务策略建议；2．负责使用网站分析工具，对全站的流量进行统计、分析和监控，分析流量的来源、关键词、访问深度，停留时间等维度，能得出相应的逻辑给出指导意见；3．根据网站的架构和逻辑，对分类页面和商品单页的用户行为进行统计分析，对站内搜索行为作分析统计，对品类，页面内容的改进做指导；4．对平台的用户行为路径做统计分析，设置转化目标和布局跟踪代码，实时监控转化漏斗的各个环节，并且提出相对应的优化意见；5．对平台用户的地域分布、年龄比例，性别比例，职业构成等进行统计和分析，给出相应的建议；6．对已经形成订单的客户和订单管理系统中收集来的数据做整理，按照相应的逻辑进行分类，并配合其他市场人员进行营销和推广；7．对各个推广平台的数据进行整理，统一优化整个系统的数据资源配合进行全渠道营销。,,岗位要求：",http://www.arche.com.cn,1000-5000人
数据分析助理,深圳科迪新汇信息科技有限公司,广州-越秀区,无工作经验,硕士,招1人,   情报信息分析人员,  上班地址：越秀区东风东路765号东宝大厦1001,"1、根据公司需求，利用数据挖掘等工具对多种数据源进行诊断分析，建立分析模型并优化，为公司提供数据支持；,2、负责项目的需求调研、数据分析、商业分析和数据挖掘模型等，通过对运行数据进行分析挖掘背后隐含的规律及对未来的预测；,3、参与数据挖掘模型的构建、维护、部署和评估；,4、整理编写数据分析报告，及时发现和分析其中变化和问题并解决；,任职要求：,（1）具备较好的调研、策划能力，能够搭建分析框架；,（2）能独立完成数据挖掘的构建，有相关实习工作经验更佳；,（3）熟练掌握SPSS/SAS/R等数据分析工具；,（4）统计学、应用数学等专业的研究生。",http://www.codsway.com,50-150人
数据分析员,TATA木门广州分公司,广州,无工作经验,大专,招1人,   统计员,  上班地址：广州市天河区奥体南路12号优托邦建材馆二楼西区2688号,"岗位职责：,1、督察店面5S标准的执行情况；,2、 负责店面销售的数据整理和分析；,3、负责店面目标的追踪和完成情况；,4、负责店面活动的督导工作。,,岗位要求：,1、对销售工作有极大的热忱；,2、必须有好的沟通能力；,3、做事细心，有耐心，执行力强；,4、恪守公司制度，服从上级领导安排。,,待遇：基本工资+绩效奖金+带薪年假+带薪旅游+五险一金+司龄工资+生日假+生日party+节日福利（综合收入达3800-4600，业绩优秀者更可获得公司奖励的带薪旅游，带薪假期，以及年终北京总部年会学习机会）,公司里面都是充满活力的80、90后，不定期组织活动，公司不定期组织员工到广州分公司进行职业技巧培训。,面试地点：广州市天河区奥体南路12号优托邦建材馆二楼西区2688号,,联系方式：邓小姐  020-28145098   188 1409 6651,邮箱：2377965335@qq.com,,职业优势： 前景、空间、成长、薪酬,★大趋势：家装行业向着品牌化，品质化，差异化发展！TATA木门作为中国木门十大品牌的领军企业，开拓了木门行业隔音新标准，以专利的45°软磁吸斜口静音磁条以及磁吸门锁等创新，赢得广大用户的认可。,★客户广：有一大半的业主都会选择品牌产品，更有很大部分会选择带有特色功能的产品，其中隔音功能更是TATA木门所独创，品牌知名度高。,★客源渠道多：我们有完整的销售服务团队，除了店面客源之外，更有很好的电商平台（京东、天猫、TATA官网等，其中TATA木门天猫官方旗舰店（https://tatamumen.tmall.com）在2017年双十一单日交易额达6.19个亿，在木门行业排行第一。）我们有完整的电商销售服务团队，业务协助团队让我们在业务开发中不再孤单，一直有人在鼓励，帮助我们！,★职业前景：入职销售督导-销售部主管-销售部经理-区域经理（业绩优秀者更可获得公司奖励的带薪旅游，带薪假期，以及年终北京总部年会学习机会）成就他人,成就自己！,★待遇丰厚：基本工资+绩效奖金+午餐补贴+带薪年假+带薪旅游+五险一金+司龄工资+生日假+生日party+节日福利等组成！,,TATA氛围,★平均年轻26.5岁，青春活力，融洽相处,★全国TATA一家人,★我们是TATA，我们正青春,★快乐工作，快乐生活,★我们的任务是学习，工作只是练习题,,想了解更多？,百度搜索 TATA木门 或 中国木门十大品牌 或 哪个品牌的木门好 即可找到,TATA木门期待你的加入！！！",http://www.tata.com.cn,10000人以上
电商数据分析专员,广州市龙泉酒业有限公司,佛山,1年经验,本科,招1人,   大数据开发分析,  上班地址：广东省佛山市南海区里水镇大朗工业区赤山村赤山市场斜对面龙泉名品集团（仓储中心）。,"岗位职责：,1、构建电商业务指标体系，完善日常数据报告体系，能够及时、准确、完整的披露业务整体及各项目的运作情况；,2、收集并深入了解业务团队对数据的需求，专项分析渠道、用户、活动数据，输出专项分析报告，为电商业务运营、商业决策、品类、产品优化提供信息和数据支持；,3、能够持续动态的挖掘日常和历史业务数据，发现风险点和提升的机会点；并以数据为支撑协助领导分析业务中的异常情况；,4、根据家电产品的运营数据建立自定义属性指标，深入挖掘各品类产品销售规律和用户需求；,5、负责提取各项临时性的数据以满足经营需求，负责领导交办的各项其他工作；,6、协助搭建公司数据体系，包含需求调研，数据模型搭建，开发BI工具及数据产品。,任职资格：,1、本科及以上学历，电子商务、计算机、数学、统计等相关专业；,2、具有零售行业或者电商平台数据分析管理相关工作经验；,3、掌握零售业数据化管理流程，熟悉数据可视化和应用模板开发及数据表格和数据分析工具的使用；,                                            ,4、工作态度严谨，数据敏锐度高、较强的数据整理、统计和分析能力，较强的市场敏感度。",http://www.lqjy.net.cn,150-500人
数据分析专员,广州优宿企业管理有限公司,广州-越秀区,无工作经验,招1人,12-06发布'],   销售主管,  上班地址：东风中路515号东照大厦10楼,"1、数据采集，按时提取日、周、月销售数据；,2、汇总数据做出相应的数据报表，并与同期日、周、月销售数据的对比，进行销售数据分析；,3、销售数据趋势的列举及有效的分析，为销售业绩提供决策基础；,4、各部门提交数据的整合，新产品上市的数据分析；,5、产品售后反馈数据的收集及整体评估，各项目组销售数据的结果评估。,任职要求：,1、大专以上学历，有2年或以上零售、鞋服行业、懂商品和会运营者优先；,2、有数据分析基础，熟悉操作电脑软件，特别是熟悉Excel的透视表运用、函数公式运用功能；,3、有较好的逻辑分析能力，对数据有较强的敏感性；,",http://www.usupso.cn/,500-1000人
数据分析师,广州市震海电子科技有限公司,广州-越秀区,无工作经验,本科,招1人,   数据通信工程师,  上班地址：东风中路越秀城市大厦南塔36楼,",<b>岗位职责：</b>,1.对后台大数据进行的分析、统计及挖掘工作；维护现有的数据分析后台的产出；,2.根据功能需求和设计方案进行开发，完成部分代码的编写和调试工作；,3.探索及钻研新的算法及应用方案。,,<b>任职要求：</b>,1.热爱数据分析相关的技术及研发工作;性格开朗，团队协作，一定的工作抗压能力;,2.计算机专业方向，较好的数据结构、数据库、计算机网络等基础理论知识;,3.对数据有敏锐的洞察，快速的业务理解及学习能力；,4.熟悉Mysql数据库，熟悉Hadoop生态系统相关组件的原理和使用；,5.根据功能需求和设计方案进行开发，完成代码的编写和调试工作；,6.熟练使用Java、Python语言；,7.数据挖掘算法基本了解，熟练掌握1-2聚类或分类算法。,",http://www.zhenhaipifa.com/,500-1000人
商品数据分析员,深圳市西遇时尚服饰有限公司,广州-荔湾区,2年经验,本科,招1人,   市场分析调研人员,  上班地址：西增路63号原创元素创意园D3栋201-301,"工作职责：,1、商品结构统筹，进销存测算与数据分析，制订新一季产品结构为设计研发部门提供数据支持；,2、协助上级完成每季产品发展策略、产品结构需求、品类计划、产品销售预测，与商品前期企划工作紧密对接；,3、各类商品报表的制作、更新、完善；,任职资格：1、二年以上同岗位工作经验，本科学历，理工科专业背景佳；,2、具备较强的逻辑思维能力及数据分析能力，思维缜密；；,3、热爱并愿意投身服装行业、熟悉服装品牌市场，对时尚潮流有一定的把握度；4、熟练掌握Excel应用，包括函数、数据透视、图表制作等；",http://www.westlink.cn/,1000-5000人
数据分析专员,国药控股广州有限公司,广州,1年经验,本科,招若干人,   其他,  上班地址：广州市荔湾区站前路22号医药大厦,,http://www.sinopharm-gz.com/,1000-5000人
数据分析建模工程师,广州市巴图鲁信息科技有限公司,广州-海珠区,3-4年经验,本科,招1人,   软件工程师,  上班地址：沥滘路368号广州之窗商务港17层（沥滘地铁站F出口）,"岗位描述：,1. 基于互联网数据、市场数据，构建汽车后市场行业基础信息数据库；,2. 通过数据分析，与业务专家配合构建多业务线数据模型，如智能定价模型，销售预测模型，库存管理模型；,3. 跟进落实模型成果落地与部署；,4. 跟踪、监控模型表现，根据监控结果对模型进行优化。,,职位要求：,1.计算机、统计学、数学等相关专业本科及以上学历；,2.有三年以上互联网数据建模和分析工作经验，参与过较完整的数据采集、整理、分析和建模工作；,3.有SQL/SAS代码经验，有较强的代码编写能力和逻辑思维能力，善于分析思考，从数据中发现并总结问题；,4.对数学建模及其在销售预测、定价、货品分析等应用有兴趣，有求知欲和进取心，思维活跃，有创新思考能力。",http://www.baturu.cn,500-1000人
数据分析主任,广发银行股份有限公司信用卡中心,广州-天河区,3-4年经验,本科,招1人,   业务分析专员助理,  上班地址：广州天河区珠江新城珠江西路10号高德置地夏广场C座,"<b>岗位职责：</b>,1、建立并完善处内数据监控、分析体系；按需求对数据进行分析与挖掘，保障各项业务目标的实现，同时支持后续业务处理需求；,2、密切关注营销中心的各项业务及数据的异常情况，并对其进行数据分析、整理、预测，定期提交分析报告，为业务发展提供决策支持；,3、根据营销渠道部门的需求进行各类数据专题统计与分析,制作各类报表，并确保数据安全。,,<b>岗位要求：</b>,1、全日制本科及以上学历，计算机、数学、统计学专业优先；,2、精通OFFICE办公软件与SQL，熟悉SPSS\R至少一种数据分析统计工具；,3、掌握基础统计原理及基础分析方法，具备数据分析相关工作经验尤佳；,4、具备较好的逻辑分析能力，尤其需要具备分析报告撰写及PPT制作能力；",http://www.cgbchina.com.cn/,10000人以上
数据分析师,广东长隆集团有限公司,广州-番禺区,2年经验,本科,招1人,   需求工程师,  上班地址：长隆旅游度假区,"工作职责:,1.	根据公司战略和业务需求，负责数据产品的规划和建设工作，协调部门各模块资源，搭建公司各业务分析主题、业务数据化体系（BI）；,2.	根据数据的应用场景，将数据分析需求抽象成数据产品或功能模块，建立/沉淀分析整体框架，实现满足业务需求或具有经营价值的输出（发现、预警、分析问题）；,3.	发掘和整理各业务部门对数据产品的需求，提供合理的解决方案，和业务部门密切配合达成产品目标；,4.	组织和推动产品团队和开发团队（包括外部供方），使得产品能够迅速落地；,5.	负责公司核心业务的数据分析、体系建设，完成数据产品上线，包括数据准备、报表呈现等工作；,6.	为日常运营活动提供数据支持，并且给予评估和建议；,7.	负责SAP BO/BW系统建模及抽数、SAP BO图形展示开发、SAP BW二维报表展示开发。,任职资格:,1.计算机编程开发、计算机应用、信息技术及相关专业本科以上学历；,2.2–3年SAP BO/BW工作经验；,3.有1个以上SAP BO项目实施经验；,4.熟悉BO Dashboard建模及开发；,5.或者有1个以上SAP BW项目实施经验；,6.熟悉BW建模及开发。,",http://gz.chimelong.com/group/join/,5000-10000人
数据分析专员（会员方向）,大参林医药集团股份有限公司,广州,1年经验,本科,招1人,   业务分析专员助理,  上班地址：广州市荔湾区龙溪大道410号,"岗位职责：,1、定期出具会员报表，包括会员绩效分析，等级会员分析，会员活动效果分析等； ,2、从数据中找到问题点和机会点，给予会员营销方案指导； ,3、 监控会员平台交互数据，针对会员交互路径和轨迹给营销团队提供洞察分析； ,4、会员活动费用预估。  ,任职要求：,1、本科或以上学历，统计学相关专业优先；,2、1年以上零售行业数据分析工作经验优先。",http://www.dslyy.com/,10000人以上
数据分析专员（电商）,蓝月亮（中国）有限公司,广州,1年经验,本科,招1人,   电子商务专员,  上班地址：黄埔区云埔一路14号颜庄,"岗位职责：,1.负责天猫超市消费者分析，包括消费者画像、购物路径等，根据数据输出报告及提出执行方向建议；     ,2.负责平台货品分析，根据数据及运营节奏输出报告及执行方向建议；,3.负责平台竞品及同行业数据分析，发现机会及威胁；   ,4.负责平台流量分析，分析流量组成结构及优化方向，提出优化策略；,5、负责平台数据监控，及时发现问题，支持业务运营优化；,6、定期输出需求数据分析报表；,,任职要求：,1.全日制本科及以上学历，统计学、电子商务等专业优先，工作经验1年以上；,2.有天猫旗舰店品牌数据分析经验者优秀；熟悉天猫超市业务者优先；,3.拥有较强的数据分析能力及思维逻辑能力，数据分析能支持业务策略制定；,4.敏锐的市场洞察力，具备互联网思维；,6.统计学工具运用熟练；熟悉使用SQLserverL，mySQL，Python，Excel VBA优先。,,备注：,1、有挑战的工作内容以及畅通的晋升渠道；,2、导师体系培养机制；,3、有竞争力的薪酬待遇以及奖励制度；,4、提供免费住宿、餐补、劳保等；,5、提供全市范围内31路（31条不同路线，覆盖全市范围）接驳巴士，接送员工上下班，让你远离挤地铁、公交的心酸；,6、入职即购买五险一金，周末双休",http://www.bluemoon.com.cn,10000人以上
数据分析(0492),上海百事通信息技术股份有限公司,广州-越秀区,1年经验,本科,招1人,   其他,  上班地址：广州市越秀区东风西路191号国际银行中心10楼,"工作职责：,1、 能熟练使用各软件，对各种数据进行收集和处理，整理成有用的信息供公司领导决策；,8、根进上级领导交办的其它工作任务。,任职资格：,1、本科以上学历，数学、统计学、数据分析相关专业；2、2年以上数据处理、报表管理、分析报告相关工作经验。熟练应用excel/ppt等办公软件，了解数据库知识，熟练使用SQL数据库，掌握R语言 、SPSS、eviews、VBA和数据分析工具者优先；3、对数字有较强的敏锐性，有独立的思维能力和判断力；4、执行力强，有较强的工作责任心和严谨细致的个人品质，良好的团队协作素质，能胜任高负荷的工作环境;5、有法学背景、法律行业或政府合作项目相关工作经验优先。,",http://www.b114.com.cn,500-1000人
数据分析/业务助理,广州创必承信息科技有限公司,广州-海珠区,1年经验,大专,招1人,   财务助理文员,  上班地址：中大科技园B座17层,"岗位职责：,1、核算理财师顾问费 ；,2、跟进CRM财务系统的开发。,,岗位要求：,1、能熟练操作办公软件、按制度能独立核算数据，应届毕业生或有相关工作经验者均可；有相关工作经验者优先；,2、具备良好的抗压能力，为人正直、工作细致，责任感强，思维敏捷；,3、良好的理解力，良好的自我查错能力、良好的沟通能力、敢于坚持原则、有良好的职业素养。,,公司福利:,1、试用期即买六险一金+商业保险；,2、双休+法定节假日+10天带薪年假+6天全薪病等；,3、高于市场水平的基本工资+绩效奖金+经营绩效奖金+餐费补贴+话费补贴+电脑补贴等；,4、丰富多彩的员工活动：说来就来的下午茶、篮球赛、分享沙龙（比如咖啡拉花，急救知识等）、六一儿童节、中秋节等节日主题活动等；,5、每月部门团建、免费年度体检。,6、健身：不仅有设备齐全的健身房，还配一名帅的掉渣的健身教练教你健身。,",http://www.trussan.com,150-500人
数据分析师,广州大麦信息科技有限公司,广州-越秀区,2年经验,本科,招2人,   大数据开发分析,  上班地址：广州市越秀区解放南路123号金汇大厦7楼全层,"工作内容：,1、负责电商营销数据、运营数据、产品数据的分析研究工作；,2、负责项目数据的监控和跟踪分析，并对异常情况进行深入分析和提交改善建议；,3、分析电商行业数据及消费者行为数据，提供营销策略方案；,4、制定营销项目的数据跟踪体系、报表体系；,,任职资格：,1、具备2年或以上商业数据/消费者数据分析、数据挖掘的工作经验；,2、熟练使用Excel和PPT，会使用Python者优先；,3、具备优秀的逻辑分析能力，和报告展示能力；,4、学习及沟通能力强，有责任心，能独立完成数据分析项目；,5、自我驱动，追求结果导向，有抗压能力，能在截止日期下工作，能同时处理多个项目。",http://www.da-mai.com,150-500人
数据分析员,广州市商略信息咨询有限公司,广州,无工作经验,招2人,12-07发布'],   计量工程师,  上班地址：广州市越秀区先烈中路75号穗丰大厦A座616-617室,"岗位职责：,1.负责各类数据采集和统计，负责数据制作模板、数据分析模型构建；,2.负责数据库搭建和维护；,3.负责对于业务数据予以挖掘，进行业务分析，通过数据支撑业务；,4.负责数据报表优化，数据自动化。, ,任职要求：,1.熟练使用VBA 、Microsoft Office中各种办公工具且需要熟练掌握Excel及其函数；,2.熟悉SQL Server、MYSQL、等数据库软件；,4.具有严谨的逻辑思维能力，优秀的学习能力、良好的语言表达能力；,5.了解统计学常识，可以利用统计学相关知识服务于工作；<?xml:namespace prefix = o ns = ""urn:schemas-microsoft-com:office:office"" />,",http://www.ctccn.com.cn,50-150人
数据分析助理经理,健合集团——广州总部,广州,3-4年经验,本科,招1人,   其他,  上班地址：市区,,http://www.hh.global/,1000-5000人
数据分析师,广州市诚毅科技软件开发有限公司,广州,2年经验,本科,招1人,   数据库工程师管理员,  上班地址：广州大道南368号368大厦26层," 任职要求：,1.  2年以上互联网/电商数据工作经验，本科学历及以上。,2.对数据敏感，有较强的数据分析能力、数据运营思维。,3. 能根据业务的变化梳理业务数据模型，沟通能力较强，团队协助能力较强。,,岗位职责：,1、    定期收集和整理运营数据，为产品和运营策略制定提供有效的数据支持，并根据数据提出有效的应对策略和产品需求分析；    2、    定期整理公司数据报表，为公司开发潜在客户资源提供有力的数据支持； , 3、    分析运营平台关键指标及用户行为路径，为推动优化交易流程、页面内容、交互设计等提供数据支撑，配合进行用户体验优化,    监管运营数据，及时做好预警处理。",http://诚毅软件,150-500人
数据分析师,广州百伦供应链科技有限公司,广州-天河区,无工作经验,招1人,12-07发布'],   售前售后技术支持工程师,  上班地址：天河慧通产业园,"我们是谁？ ,我们位于快速发展的跨境电商行业，也是广州的龙头企业，一家准备上市的公司，这里有无限机会，有努力就能成功的机遇，也有像你一样充满激情和梦想的年轻人的团队。 我们没有阶级文化、没有迂腐的制度，只有对人才的渴望。 , ,在我们这您将得到什么？ ,----可以发挥你的所长，规划建设一个准备上市的公司物流板块业务 ,----开放，融洽的工作氛围，对工作精益求精的团队 ,----公司每年的旅游，生日礼物等，这是必须的 ,----高于市场行情的薪资待遇 ,----比其他公司多很多很多的萌***, ,我们希望您是这样的人 , , ,工作职责：,1.深入理解业务数据，提供数据分析，给出优化建议方案； ,2.创建数据模型，推动相关数据的测试，采集和分析。,, ,任职要求： ,1.统计学、数学、计算机等相关专业本科及以上学历； ,2.较强的统计学基础，优秀的数据处理能力，敏锐的数据洞察力，良好的业务理解力；,3.熟练掌握Hive/SQL精通excel，熟悉python编程者优先；,4.能独立完成从数据提取到模型构建，部门沟通到输出分析报告，提出并解决具体的业务问题。, , ,薪酬待遇：,1.与能力相匹配且具有竞争力的薪酬,2.优秀员工可获股票期权奖励,3.丰富的培训和晋升机会",http://www.baitrading.com,150-500人
高级数据分析师,广东华际友天信息科技有限公司,北京,5-7年经验,本科,招2人,   数据库工程师管理员,  上班地址：北京,"岗位职责,1、负责数据搜集、整理、分析, 并依据数据做出评估和预测；,2、负责产品中各指标的统计，并进行监测分析业务运营情况，对数据有高度敏感性；,3、制作各类统计报表，密切关注公司产品的各项数据变化；,4、持续深度挖掘数据、建立模型，进而提出解决意见；,任职资格：,1、本科或以上学历，4年或以上工作经验，计算机、软件工程、信息管理、应用数学等相关专业；,2、熟练掌握数据分析技术，熟悉常用智能分析工具，熟练使用sql、excel和PPT等办公软件；,3、具备独立分析报告撰写策划能力；,4、熟悉金融行业业务、大数据应用经验者优先。,5、能出差到北京工作。",http://www.visionsky.com.cn,50-150人
数据分析专员,北京直信创邺数码科技有限公司,广州-越秀区,1年经验,大专,招1人,   其他,  上班地址：人民北路604-2大新银行大楼6楼,"工作职责：,1、呼叫中心日常运营数据的提取和汇总,从基础数据中分析出各项运营指标；,2、提供项目的各个报表；,3、通过数据发现运营环节中的各种问题，薄弱环节和漏洞，提出改善和优化方案，并督导优化方案的执行。,,岗位要求：,1、大专或以上学历，有英文理解及书写能力；,2、有在呼叫中心或相关服务行业数据分析的工作经验优先；,3、熟练运用办公软件，精通EXCEL，熟练掌握图表的制作方法；,4、具有发现问题，分析问题和解决问题的能力，具有良好的逻辑思维能力；,5、工作积极主动、善于沟通、细心负责。,,公司福利：,1、多元化的员工培训（技能培训、拓展培训、英语培训、储备干部培训等）；,2、五险一金、双休工作制、带薪年假、年度调薪及年度绩效奖金；,3、自主性的团队建设活动。",http://www.sogservice.com.cn,1000-5000人
大数据分析师1—企业信息化部,中数通信息有限公司,广州-天河区,2年经验,本科,招2人,   大数据开发分析,  上班地址：黄埔大道陶育路137号 暨南花园,"岗位职责：,1、 负责数据提取，统计，清洗，分析，可视化等数据分析处理工作。,2、 负责数据分析，对业务问题进行深入分析，为业务的策略、产品优化提供数据支持,3、负责产品及方案的数据维度深度分析、规划，配合产品经理规划数据产品、并利用数据进行初步的可行性验证；,4、负责大数据模型和算法的开发、调试和修改，并配合研发人员实施落地。,5、负责数据分析报告的撰写。 ,职位要求：,1. 本科以上学历，统计、计算机相关专业，2年以上数据统计分析工作经验；,2. 掌握数据分析挖掘常用算法及理论，并可进行代码实现。,3. 熟悉python语言,4. 熟练使用Hadoop，spark等大数据分析环境。,5. 对数据敏感，有较好的逻辑思维能力，能独立编写数据分析报告；,6. 对Office工具精通，EXECl、PPT能熟练运用；,7. 工作严谨、责任心强，能承受工作压力",http://www.cndatacom.com,1000-5000人
助理数据分析,广州市番禺祈福新邨房地产有限公司,广州,1年经验,本科,招2人,   数据库工程师管理员,  上班地址：广州市番禺区市广路8号祈福新邨,"岗位要求：,1.大学本科学历；18-35岁；1年以上数据分析工作经验，具有编程能力者优先；,2.熟悉SQL、oracle数据库；,3.具有较强的逻辑思维能力、分析能力、熟悉主流ETL工具。,4.具有数据工程师职称优先，211/985高校优先。,,岗位职责：,1.负责数据库数据的收集和整理、分类、汇总等；,2.负责根据项目具体情况，使用power BI工具设计相应的分析报告；,3.协助BI分析业务数据提取，转换，以及其他领导安排的工作。",http://www.cliffordgroup.com,10000人以上
数据分析工程师,广州中国科学院软件应用技术研究所,广州-南沙区,3-4年经验,本科,招1人,   其他,  上班地址：南沙区海滨路1121号 广州中科院工业技术研究院A栋804,"岗位职责：,1.根据业务需求，负责数据准备，数据预处理，模型建立，模型验证。,2.对政府数据进行挖掘分析，辅助政府科学决策，提高政府工作效率；,3.对市场监管等业务场景进行挖掘分析并建立数据分析模型；,,职位要求：,1、掌握机器学习的方法，如：线性/回归，决策树，聚类分析，XGBoost等。,2、至少熟练使用一门编程语言，如R，Python等。对大数据平台Hadoop有一定的了解。,3、良好的沟通、团队合作能力；善于协调各项工作，推动项目的具体落实。,4、在过往的学习及工作中有一定的创新能力。,5、本岗位要求1—3年的工作经验，本科以上学历，理工科专业，如计算机、统计学、数学等。",http://gz.iscas.ac.cn/,150-500人
高级数据分析师,广东数果科技有限公司,广州-天河区,无工作经验,招1人,12-07发布'],   大数据开发分析,  上班地址：广州市天河区建工路9 号4楼B2B6,"岗位职责：,1. 基于运营策略逻辑，建立相关统计模型优化线上策略； ,2. 关注业务数据，监测业务发展态势，预警和解读业务异常，跟进业务决策全流程；,3. 建立数据分析体系，赋能业务部门，以数据驱动业务决策；,4. 建立用户画像体系，为产品及业务方向上做出指导性建议；,5. 与产品、技术团队沟通对接，以策略分析中的成功用例为核心，推动产品系统开发；,6. 撰写数据分析解决方案，解决商业问题。,,岗位要求：,1. 本科及以上学历，3年以上数据分析经验；,2.对数据有敏锐的洞察，快速的业务理解及学习能力；,3. 能独立负责业务的数据分析工作。",http://www.sugoio.com/about,50-150人
数据分析师,北京联龙博通电子商务技术有限公司,广州-天河区,1年经验,本科,招1人,   大数据开发分析,  上班地址：建中路51号佳都科技大厦607,"岗位职责：,1、 熟练操作SAS EG和SAS EM，会SAS编程。,2、 熟悉常用统计学模型，尤其是神经网络、决策树和逻辑回归。有相关的项目经验和模型调优经验。,3、 熟练使用SQL，知道如何做SQL的优化, ,任职要求：,1.3年以上数据分析相关工作经验，金融背景优先，统计学专业优先，本科以上学历；,2.熟练使用Excel，熟练掌握及使用SQL，熟悉SAS分析工具。,3.具有数据挖分析能力，敏锐的数据洞察力；,4.具有较强的逻辑分析和判断能力；具有优秀的分析判断能力、信息整合能力，对数字敏感度高；,5.责任心强，在限期内能保质保量的完成任务。有较强的团队合作、客户服务意识以及人际沟通能力，能够承受一定的工作压力。",http://www.paybest.cn/,1000-5000人
高级数据分析员Senior Analyst（市场调研方向）,英可思（长春）科技有限公司广州分...,广州,2年经验,本科,招1人,   市场分析调研人员,  上班地址：广州市越秀区解放南路39号万菱广场3208,"高级数据分析员SeniorAnalyst（市场调研方向），有能力者试用期后可直接晋升为团队LEAD,工作职责：,·编写数据处理程序(IBMSPSS-DataCollectionDimensions基础程序编写，即问卷开发工具）；,·按照客户要求编译调查问卷，收集以及校正数据，制作数据表格及报告；,·准确记录及汇报工作时间。,职位要求：,·计算机、电子商务、统计或分析相关专业，拥有大专或以上学历；,·具有两年或以上数据处理、编程、统计分析以及市场调研等相关项目经验者优先考虑；,·数据分析及逻辑能力强，有VBA编程基础，熟悉Spss统计软件；,·能根据需求进行编译、设置逻辑；,·利用脚本实现跳转、自动筛选、自动替换、批量生成等需求；,·懂得使用IBMSPSS-DataCollectionDimensions优先考虑；,·良好的英语听说读写能力，四级以上优先考虑；,·理解力强，抗压力强，工作认真负责，具有团队精神。",http://www.infitecs.com,50-150人
数据分析专员（高塘石）,广东立信企业有限公司,广州-天河区,1年经验,大专,招1人,   业务分析专员助理,  上班地址：高塘石,"此职位隶属于立信集团下属子公司。,岗位职责：,1、 负责项目人员的薪酬数据收集及核准工作，并完成月度薪酬的计算；,2、 负责内部工资审批流程，及时处理员工对工资、奖金答疑；,3、 进行项目数据统计分析和预测，为班组长提供统计资料及分析资料；,4、 负责为项目人员进行每月排班及日常调班，保证项目平稳运行；,5、 负责与人事数据的收集和整理，及时更新各项人事数据，并输出人事报表；,6、 协助完成项目月度结算，并完成内部结算流程；,7、 完成上级交办的其他工作。,任职要求,1、 大专以上学历，1年以上薪酬绩效工作经验，有呼叫中心外包行业经验优先考虑；,2、 熟练掌握Excel公式处理数据的方法及技术，能承担薪酬专业性项目；,3、 具备良好的数据分析能力、分析判断能力、沟通表达能力；,4、 具备较强的责任心、耐心、执行力、抗压力；具备较高的情商。",http://www.revenco.com,5000-10000人
数据分析员（电商）,欧派家居集团股份有限公司,广州,1年经验,大专,招1人,   其他,  上班地址：白云区广花三路366号欧派工业园,"岗位职责：,1、负责电商业绩日报表，每周统计电商事业线业绩数据，,2、电商推广部门的相关推广数据分析,3、各品类营销支持部相关数据支持,岗位要求：,1、25-30岁大专及以上学历，数学统计相关专业；,2、2年数据分析工作经验，对于数据分析具有一定的认识；,3、熟悉网络营销流程、网站流量数据分析，对访客的访问数据有较深刻的见解；,4、积极主动认真工作严谨，熟练运用数据分析工具，如excel、SPSS等。",http://www.oppein.com,10000人以上
数据分析师,广州九龙维记牛奶有限公司,广州-黄埔区,1年经验,大专,招1人,   市场分析调研人员,  上班地址：广州经济技术开发区永和经济区田园西路38号,"  ,岗位要求：,1、大专以上学历，统计学、数学等相关专业或有相关数据分析基础或者经验者；,2、数据处理及分析能力强，熟悉Excel、PPT、等相关软件；,3、对数据敏感，有较好的逻辑思维能力，能独立撰写数据分析报告；,4、具备学习能力、较强的团队意识、责任感和上进心。,岗位职责：,1、配合部门从事系统分析开发工作，并定期整理交易数据，向上级领导分析结果；, 2、配合销售完成售前、售中、售后项目的分析设计工作；, 3、根据部门实际情况，规划设计活动；, 4、梳理运营与推广的业务需求，制定数据报表；, 5、挖掘数据背后的市场方向、规律、为运营提供决策依据；,6、分析运营与推广需求，固化常规数据报表，提升数据支持运营与推广的能力；,7、数据研究与分析，通过挖掘数据的内在关系，发现运营与推广中的问题，并推动问题 的解决；",http://www.kowloondairy.com,150-500人
数据分析专员,广州暨诚生物科技有限公司,广州-天河区,1年经验,大专,招1人,   业务分析专员助理,  上班地址：高德置地冬广场G座4101A,"（一）岗位职责：,数据专员：,1、在规定的时间内收集各市场部门上报的数据；,2、对数据进行分类保管。,,数据统计与分析：,1、将数据录入标准录入数据库；,2、对数据进行统计；,3、定期将各类指标与计划进行对比，找出差距；,4、利用分析数据对数据进行有针对性的分析；,5、对异常数据进行重点标注。,,（二）岗位要求：,财务、会计、统计学专业优先，中专以上学历； ,年龄在18-35以上，优秀的应届毕业生亦可；,对数据敏感，熟悉办公软件操，对EXCEL表格熟练。,人品端正、气质佳，性格活泼开朗，善与沟通交流，语言表达能力强，具有良好的职业素质；,良好的职业素质和敬业精神，具有抗压及情绪控制能力。,,（三）岗位待遇：,1、基本工资+出差补贴+员工福利+商业保险+带薪休假；,2、享有法定节假日，商业保险，包住宿；,3、专业老师培训指导，多元化晋升机会，广阔的发展空间；,4、积极向上的企业氛围，快乐工作，快乐生活。,,注：只要***，谢谢！！！",http://www.,150-500人
数据分析师,卓志供应链集团,广州-天河区,无工作经验,招1人,12-07发布'],   实施顾问,  上班地址：天河软件园建中路59号502【柏朗奴商务大厦】,"1，根据公司项目经理对项目的实施要求及布置，保质保量完成完成实施工作，保障系统上线交付。,2，完成项目经理安排的相关产品软件实施交付任务，负责业务调研、需求分析、培训、上线、维护等工作任务；,3，编写和整理项目中的相关项目文档，保持文档的完整性和连续性；,4，完成项目中客户开发需求分析、与客户沟通完成二次开发相关文档；,5，持续总结项目实施经验、形成项目知识文档，并进行内部知识共享。",http://www.topideal.com.cn/,1000-5000人
数据分析专员,广州集和堂大药房连锁有限公司,广州-天河区,2年经验,招1人,12-07发布'],   其他,  上班地址：黄埔大道中280号第三层自编之二（乐雅苑1座3楼）,,http://www.jihetang.cn/,150-500人
游戏数据分析师,广州尊游软件科技有限公司,广州-海珠区,2年经验,本科,招2人,   网站运营专员,  上班地址：广州市海珠区新港东路1068号中洲中心北塔1510,"<span style=""font-size: 12px;"">岗位职责：,1.基于业务逻辑，建立业务数据模型与指标体系，持续跟踪业务数据，监测业务发展态势，为业务指标提供预警、监测和解读；,2.基于海量游戏用户行为数据，结合产品运营状况，负责游戏产品的数据分析与数据挖掘模型构建，帮助产品提升用户体验；,3.优化产品团队在数据统计、分析、监控等方面的流程和规范，帮助产品团队成员提高数据跟踪、数据分析、数据决策的意识和能力；,4、定期了解玩家意向及搜集数据；,5、提供分析报告，对公司业务的运营进行评估和建议，从数据的角度推动公司运营决策、辅助研发调优产品。,,,<span style=""font-size: 12px;"">岗位要求：,1.本科及以上学历，计算机、数学、统计学、机器学习等相关专业优先；,2.2年以上数据分析与数据挖掘相关项目工作经验,有游戏领域相关工作经验优先；,3.熟练使用数据处理软件, 熟练与数据源交互(包括不限于SQL, Excel)；,4.具备优秀的自我驱动力、沟通能力、团队协作能力及跨部门协作推动力；,5.热爱游戏行业，对互联网快速变革高度敏感，理解新一代用户的特点。",http://www.izunyou.com/,150-500人
数据分析师（电商）,UR,广州,3-4年经验,招1人,12-07发布'],   电子商务专员,  上班地址：广州白云区云霄路91号,"工作职责：,1.熟悉销售相关指标的定义以及数据来源； ,2.熟悉电商平台后台软件，善于获取数据源； ,3.熟悉SAP、BI、恒康等IT系统工具； ,4.业务部门各项指标的数据统计； ,5.熟练操作EXCEL，完成数据分析可视化报表； ,6.通过数据分析，发现店铺问题，提出改善建议，并推进执行。,,任职要求：,1、热爱电商行业，喜欢与数据打交道，有优秀的数据分析能力，擅长PPT制作，能发掘各项数据的问题所在，并能提出合理化建议,2、有2年以上天猫等电商数据分析经验或零售行业数据分析的相关工作经验。",http://www.ur.cn/index.html,1000-5000人
数据分析开发工程师,广州市恒流网络科技有限公司,广州,2年经验,本科,招5人,   数据库工程师管理员,  上班地址：广州,"1.有2年以上数据仓库项目经验，熟悉互联网金融业务或商业银行业务者优先；,2.精通SQL,PL/SQL开发，精通Oracle或其他关系型数据库；熟练使用cognos或其他至少一种主流BI工具；熟悉KETTLE或其他至少一种ETL工具；有Python、R、SAS等数据分析工具使用经验者优先；,3.能够独立完成脚本编写、脚本测试和性能调优；,4.良好的沟通与理解能力。",http://www.e6w6.com,50-150人
商品数据分析专员/主管,广东沙驰皮具发展有限公司,广州,2年经验,大专,招1人,   业务分析专员助理,  上班地址：广州市越秀区东风中路437号越秀城市广场南塔39楼,"工作职责：,1、数据采集工作，按时提取日、周、月报数据，做出对比分析。,2、商品销售的即时跟踪及后期生命期的分析，包括生产货期，到货及新品上货情况。,3、汇总终端店铺信息基础数据，统筹新品上、下柜，并稽查踪上市后的销售分析以及后期市场需求预测。,4、入库产品分流总筹。,5、季度订货会OTB指标及商品企划工作。,任职要求：,1、大专或以上学历，二年以上商品分析，货品管控工作经验；,2、熟悉ERP软件，并精通表格公式，能结合数据及调研结果做出客观分析、预测；,3、具有时尚敏感度；,4、有较强的数据敏感度，熟悉服装行业货品管理知识。,5、有较强沟通能力，及团队协作精神，富有责任心。",http://www.satchiitaly.com,150-500人
数据分析师,圆通速递有限公司,广州-花都区,1年经验,大专,招若干人,   财务分析员,  上班地址：花山镇两龙南街50号圆通速递3号门（导航搜索：圆通速递华南转运中心）,"1、统计数据：负责根据全年预算规划进行日常数据统计分析，尤其是报告；,2、规划数据分析：规划数据分析应用项目，开展并推动项目应用和发展；,3、数据支持、分析：通过数据挖掘及归类，将各维度信息标签化，给产品及业务端提供数据支持；,4、对接内外部资源：负责内外部资源收集、对接。,5、领导安排的其他事务。,任职要求：,(1)学历及专业要求：大专或以上学历、会计、财务、物流管理、计算机、金融等相关专业均可；,(2)通用知识与技能：熟练运用excel函数、宏等办公软件；,(3)素质要求：学习能力强，有上进心，接受短期异地出差。  ",http://www.yto.net.cn,10000人以上
数据分析运维工程师,北京源晨动力技术服务有限公司,广州,1年经验,本科,招2人,   数据库工程师管理员,  上班地址：广州市荔湾区人民中路545-593号美国银行中心大厦8楼808-809室,"岗位要求：,",http://www.legendit.com,500-1000人
数据分析专员,小蝌蚪互联网科技（广州）有限公司,广州-白云区,1年经验,招若干人,12-07发布'],   电子商务专员,  上班地址：西槎路欣凯科创园4栋7楼全层,"1、熟练应用office软件，精通EXCEL电子表格工具，能够掌握EXCEL多种常用函数及复杂数据分析功能；,2、负责商品销售收入、费用数据整理、分析与利用，及时提供信息支持，定期追踪业绩及其他关键业务指标情况,3、日常数据统计及数据处理自动化；,4、领导交办的其他事宜；,,任职要求：,1、大专及以上学历，信息管理、数学、统计学、财务管理、工商管理、市场营销相关专业；,2、一年以上数据分析工作经验，有一定服装商品经验者优先考虑；,3、对数据敏感，较强的分析能力；,4、能熟练运用WORD、EXCEL数据透视表及函数应用等办公软件；,5、具有独立的VBA开发能力和经验优先",http://www.codotech.cn,150-500人
数据分析师,讯汇科技（广州）有限公司,广州-天河区,无工作经验,本科,招1人,   市场分析调研人员,  上班地址：珠江新城,"岗位职责：,1、负责数据需求调研，数据模型搭建和维护，数据分析，建立市场数据指标体系；,2、依据各种数据分析模型，对网站用户行为，市场推广效果，行业变化趋势等进行多维度；,多角度的数据提取和分析，动态发现市场运营的机会点与问题点，并能提出改进措施并推动市场部门落实；,3、结合数据分析结果及对需求的深入理解，辅助市场部门和高层做出正确的市场决策，提升ROI ；,4、具有良好的分析报告撰写能力，并能熟练运用图表有效表达分析。定期制作分析报告，及时与市场部门讨论分析，做好数据支持和有效指引。,,任职要求：,1、数学、统计或计算机相关专业，有3年以上互联网工作背景（必备条件）；,2、熟悉统计概念及常用统计方法；,3、精通 MS Office工具；,4、掌握 SAS 或 SQL 等专业数据处理工具；,5、掌握GA或adwords分析工具优先；,6、有数据分析与数据处理相关项目经验优先；,7、有责任感，细致耐心，有较强的团队合作精神。",http://www.eshcorporation.com,150-500人
数据分析师,广州市广德昌科技有限公司,广州,无工作经验,大专,招1人,   其他,  上班地址：广州市越秀区建设大马路22号中环广场B栋2619室,"1.挖掘管理层和业务部门数据需求，构建数据分析模型，开展数据分析工作，基于数据分析成果，提供管理建议； 2.负责对市场、行业、竞争对手、产品、客户、业务运营等方面数据的收集、整理、分析，完成分析报告、提供数据支持、分析建议；3.负责建立企业数据规则，统一数据源；4. 负责建立指标体系及报表体系，监控业绩达成情况；5. 负责培训并提升企业人员数据分析能力，定期组织安排相关培训；6. 处理上级部门安排的其他工作。,1. 大专以上学历，具有良好的逻辑思维和数据分析能力；2.有较强的责任心和原则性，有良好的沟通能力、语言表达能力和一定的书面表达能力；3.熟练使用办公软件，精通Excel和PPT的操作。",http://www.topchance.com.cn,150-500人
遗传数据分析师,广州达瑞生殖技术有限公司,广州-黄埔区,5-7年经验,本科,招1人,   生物工程生物制药,  上班地址：科学城南翔三路11号达瑞楼三楼,,http://www.daruiart.com/,少于50人
商品数据分析员,广东歌蒂诗服饰有限公司,广州-白云区,3-4年经验,大专,招1人,   业务分析专员助理,  上班地址：广州市白云区钟落潭良田工业园天城庄路12号,,http://www.guetes.com.cn,500-1000人
数据分析专员,广州杰健仪器有限公司,广州-天河区,2年经验,大专,招1人,   业务分析经理主管,  上班地址：广州市天河区珠江新城华强路1号珠控国际中心1604,",1、对专业的数据统计、评估与分析，并编制报表；,2、可进行数据分析的建立，数据分析报表的整合和规范、优化；,3、研究数据分析方法，做到报表制作简单、方便、实用；,4、通过数据统计和分析对业务的进展分析、观察及建议；,5、有office软件（尤其是Excel、函数公式、图表分析）,PPT功底，能有效处理数据，并从中发现问题；,6、能进行有效的沟通，独立负责的数据部门工作的完成；,7、有良好的表达能力，逻辑思维，良好的团队合作经验，责任心，配合度强。, ,<strong>任职要求：</strong>,1、大专以上学历, 会计学、统计学、信息管理或相关专业； ,2、一年左右数据分析工作经验，有较强的逻辑思维能力，对数据敏感, 对数据管理和统计分析有较深入了解； ,3、熟练操作office软件，尤其是Excel、函数公式、图表分析；,4、较强的数据分析能力，责任心强，有上进心。,,<strong>优先录用条件：</strong>,大专以上学历, 会计学、统计学、信息管理或相关专业，熟练操作office,尤其是Excel、函数公式、图表分析；,,工作地址            珠江新城华强路1号珠控国际中心1604 ,",http://www.gzjjmed.com,50-150人
运营数据分析（电商）,广东黑网科技股份有限公司,广州-天河区,3-4年经验,本科,招1人,   业务分析经理主管,  上班地址：天河区黄埔大道西100号富力盈泰广场A座（珠江新城）,"工作职责：,岗位名称：运营数据分析,1.负责公司供应商和采购商平台核心业务数据分析、数据运营指标体系的建设，并定期输出分析报告；,2.构建各种分析和预测模型，通过跟踪和监控重点数据, 发现潜在的缺陷与机会,为业务/运营决策提供数据支撑。,3.跨团队进行需求/目标沟通，通过数据分析挖掘发现问题，提出建议，并致力方案实施落地。,任职要求：,1.本科及以上学历，有3年以上数据分析的经验，对数据敏感，及时发现问题；,2.有统计学、数据挖掘、机器学习背景，有互联网行业经验者优先；,3.熟悉数据分析报告撰写流程，具有较多数据分析经验，善于发现问题，能通过数据给出优化建议并推动解决问题；,4.熟练掌握HiveSQL、Python、SPSS等二种数据分析工具，熟练掌握Excel、PPT，思维逻辑性强，数据处理分析过程严谨；,5.具备较好的沟通表达能力和书面沟通能力，抗压能力强，做事认真仔细。,",http://www.essa.cn,150-500人
数据分析师,广东现代国际市场研究有限公司,广州-越秀区,2年经验,大专,招1人,   市场分析调研人员,  上班地址：广州市东风中路448-458号成悦大厦18F,,http://www.mimr.com.cn,150-500人
高级数据分析师,欢聚时代（多玩YY）,广州-番禺区,无工作经验,招8人,12-07发布'],   大数据开发分析,  上班地址：南村镇万博二路79号万博商务区万达商业广场北区B-1栋,"岗位职责：,1. 通过数据分析层面和产品，运营，工程等团队合作解决问题，效果数据跟进及分析，给出建设性的反馈，找到新的机会。,2. 基础数据收集，构建数据报表和完成数据分析报告，推动相关数据平台工具建设。,3. 预测和设定产品目标，评估和定义数据指标，分析和理解用户行为，设计和评估优化实验。,4. 监控产品的关键数据指标，理解和找到指标变化的根本原因和解决建议。,任职资格:,1. 对数据分析有强烈兴趣，数学、统计学、计算机等相关专业。,2. 熟练使用 SQL，可以使用 R/Python 进行数据清洗、分析。,3. 对数据敏感，优秀的数据分析和解决问题的能力，较好的沟通能力。,4. 互联网相关产品工作经验，对互联网产品和服务兴趣浓厚。",http://www.huanju.cn,1000-5000人
数据分析师（大数据）(每月10K-15K),广州蜂陶信息技术有限公司,广州-天河区,2年经验,本科,招1人,   互联网软件开发工程师,  上班地址：广州天河区长湴白沙水路71号13栋406（地铁6号线长湴A出口）,"1. 负责基础数据分析，进行数据收集、整理与分析工作；,2. 熟练使用数据统计工具，具备良好的数据分析能力，撰写统计分析报告；,3. 辅助业务部门，进行数据分析储备工作；, , ,任职资格:,1、本科及以上学历，计算机等相关专业；,2、至少掌握一种数据分析工具（R、SAS、SPSS、Python、Matlab、eviews、stata等）；,3、熟练使用SQL；,4、具备良好的逻辑思维能力，对数据敏感，能够发现关键数据、抓住核心问题；,5、较强的沟通能力和表达能力，具备良好的团队合作精神和主动沟通意识。,,,,",http://www.fengtaoxx.com/,50-150人
数据分析师,广州纳财电子商务有限公司,广州-天河区,1年经验,本科,招1人,   其他,  上班地址：珠江新城高德置地夏广场D12楼1204,"岗位职责：,1、支持各业务部门数据需求；,2、协助负责运营业务相关数据数据分析，撰写和汇报分析报告；,3、协助数据分析系统的规划、设计与需求收集；,4、分析各运营业务数据短板，定期产出各类专题数据分析报告。,任职资格：,1、本科学历，统计学、数学、金融等相关专业优先；,2、1年以上的数据分析经验，对数据统计及分析工具能熟悉运用，精通SQL工具，数据EXCEL、PPT；,3、工作责任感高，条理清晰，工作细致，具较好的职业操守，能严守公司商业机密。",https://www.baogongyoucai.com/,50-150人
数据分析员,广州市华安达实业有限公司,广州-天河区,3-4年经验,本科,招1人,   市场分析调研人员,  上班地址：珠江西路17号广晟国际大厦,"工作职责：,1、对公司业务及运营状况进行专项分析；,2、对公司客户进行研究并做专项分析；,3、能够组织市场调研工作，形成调研报告，为业务发展提供参考依据；,4、构建数据分析体系，确保数据指标完备性和正确性，推动数据化运营工作；,5、根据数据分析、提取、定期编制分析报告、从数据的角度给出项目优化方案，为公司各版块管理提供运营决策支持。,,岗位要求：,1、年龄25岁-30岁；,2、全日制本科以上学历，金融、会计、统计学等相关专业，重点大学毕业；,3、三年以上相关工作经验；,4、熟练掌握office办公软件，尤其是Excel和PPT；,5、熟练使用常用的数据统计工具；,6、具有较强的逻辑思维能力和分析判断能力，对数据敏感；,7、文案表达清楚流畅、条理分明、简洁扼要，能有效利用图文提高文案展示，能独立胜任文案的讲解工作。",http://www.veranda-corp.com,50-150人
资深数据分析/数据主管,广州雅美瑞实业有限公司,广州-番禺区,3-4年经验,大专,招1人,   市场分析调研人员,  上班地址：南村镇塘步东村登云大路6号海客创意园一期自编A115-116,"<b>岗位职责：</b>,,,,",http://www.yammira.com,500-1000人
数据分析师,广州禾多云力互联科技有限公司,广州-海珠区,2年经验,本科,招1人,   数据库工程师管理员,  上班地址：新港路1168号环汇商业广场北塔2306单元,"岗位职责：,1、负责公司数据库平台方案的设计和优化；,2、负责数据库应用系统的运营及监控，定期维护和异常处理；,3、负责数据库日常备份和恢复，配合各部门进行数据处理、查询、统计和分析等。,,任职资格：,1、计算机信息技术或数学、统计学相关专业，本科以上学历；,2、精通关系型数据库原理，数据库核心参数的设置和调整、数据库环境安装及故障排除；,3、精通主流数据库分析设计工具，熟悉MYSQL、MSSQL数据库；,4、熟悉数据仓库，OLAP和数据挖掘；,5、具有完善的逻辑思维导向、数据建模、分析和解决方案设计能力；,6、有oracleDBA等相关证书及有过大数据处理经验优先考虑。",http://www.hongrenzhuang.com/,50-150人
基础数据分析,彩讯科技股份有限公司,广州,1年经验,大专,招若干人,   大数据开发分析,  上班地址：天河区高唐路333号中国移动南方基地,"岗位职责：,1、能熟练使用EXCEL、SPSS、QUANVERT、SAS等统计软件。,2、负责公司计算机信息网络数据的收集、传递和管理工作。,3、做好各类数据及报表的备份工作，做好归档、保管工作，做好信息数据的保密工作。,任职要求：,1、能熟练使用EXCEL、SPSS、QUANVERT、SAS等统计软件。,2、工作能力：严谨的逻辑思维能力、学习能力、言语表达能力、管理能力。,3、工作态度：积极主动、工作认真、工作严谨。",http://www.richinfo.cn,1000-5000人
新媒体运营专员（数据分析）,广州路鑫信息技术有限公司,广州-海珠区,1年经验,大专,招1人,   网站运营专员,  上班地址：广州市广州大道南788号广一电商园22号楼（玩车教授）,"1、负责公司所有平台整体数据统计、分析工作，定期产出数据报表、分析报告；,2、根据文章内容数据报告，对各大平台内容调性、选题方向提供建议和指导；,3、研究运营数据和用户反馈，挖掘用户需求，发现运营中的问题并给出解决方案；,4、协助量化优化公司内部绩效考核机制。,5、通过恰当的方式和方法提升微信及第三方平台的各项关键指标。,,工作内容：,1.稿量统计：编辑部编辑稿量日统计、周统计、月统计；,2.微信数据统计分析及排名：玩车教授、车买买公众号数据日报（包括文章选题分析）；玩车教授、车买买、玩车TV数据周报（包括新榜排名数据）；每个编辑流量数据统计排名（月度）；,3.三方平台数据及排名统计：3大一级平台：头条号、车家号、企鹅媒体平台每周文章阅读数据统计；每个编辑流量数据统计排名（月度）；,4.统计微信标题关键词对阅读数据影响，并做作出对应分析报告；,5.微信公众平台值班录入；,6.上级安排的其他工作内容。",http://www.chemm.com,50-150人
销售数据分析员（双休、五险一金、提供吃住）,广东乐陶陶药业股份有限公司,广州-荔湾区,1年经验,大专,招1人,   业务分析专员助理,  上班地址：西塱东西路工业区三号之一,",岗位职责：,1、能结合具体业务，依据内部外部的数据支持，给业务有利的建议；,2、协助直接主管根据业务需求提供数据协助；,3、对人均产出，以及日常拜访进行跟进；,4、协助直接主管进行区域人员划分，指标制定，资源分配；,5、协助直接主管提供专业的业务分析报告；,6、跟踪并预测业务情况，对数据进行精细化分析，可以独立制作自动化分析报告供业务部门使用；,7、协助制作内部分析模型， 包括指标分析，奖金分析，销售行为分析；,8、协助直接主管制作其他分析报告；,9、对日常销售，预估，区域，指标，拜访，微观数据维护进数据库,,任职资格：,1、工作稳定；,2、有销售助理、数据分析相关工作经验优先考虑；,3、熟练使用office办公软件，需Excel十分熟练优先考虑；,4、具备较强的工作责任心，出色的语言表达能力与沟通协调能力；,5、具备较强的工作积极性和主动服务的意识；,,福利待遇：,1、工资4000-6000；,2、公司统一缴纳五险一金，弹性工作不加班、节日福利、年终奖金；,3、每年享受带薪年假、法定节假日；,,",http://www.gdletaotao.com/index.html,150-500人
助理数据分析师,广州艾力彼管理顾问有限公司,广州-海珠区,无工作经验,招若干人,12-07发布'],   临床数据分析员,  上班地址：广州昌岗中路238号达镖国际中心2602-06室,"岗位职责：,1、分析医疗行业的现状，研究未来发展趋势，对现有数据进行整合和分析，并撰写行业分析报告；,2、综合数据分析医院管理的新动向，从事新项目和课题研究；,3、管理和完善客户数据库，并进行深度研究和数据挖掘；,4、参与咨询项目，进行数据分析和撰写项目报告。, ,工作要求：,1、数学、统计学、公共卫生、生物统计、流行病学等相关专业，本科或以上学历；,2、对数字敏感，能够熟练使用Excel各种函数，熟悉数据库、数据分析软件、具备数学建模能力者优先；,3、应届毕业生或1~2年工作经验；,5、具有团队精神、工作认真踏实、责任心强，能够承受一定的工作压力；,6、认同公司文化和价值理念，热爱并致力于在医疗大数据的方向发展优先。,,福利待遇：,1、工作时间：五天八小时工作制，固定周末双休，上班时间：09:00-17:30 / 09:30-18:00（避开早高峰）；,2、享有国家法定假期，并享有工伤假、婚假、丧假、产假，工作满一年的员工，享有7天的带薪年假；,3、人性化管理，晋升空间明确，发展空间大；,4、不定期举办拓展活动、聚餐以及各项团队活动，每年一次年度旅游；,5、完善的福利机制：五险一金、节日福利派发, ",http://www.ailibi.com,少于50人
数据分析师,广州爱旅拍文化传播有限公司,广州-番禺区,1年经验,大专,招若干人,   市场分析调研人员,  上班地址：广州市番禺区市桥禺山西路329号海伦堡创意园1座C区2楼224-226,"1、负责对市场、行业、竞争对手、产品、客户、业务运营等方面数据的收集、分析，完成整理出分析报告、提供数据支持、分析建议；,2、对公司经营管理、市场发展需求预测、市场运营决策、产品研发、销售策略、各部门业绩达标等方面提供数据支持，做出分析，编制分析模型，形成有效的结果；,3、负责建立指标体系及报表体系，监控业绩达成情况；,4、负责解读运营数据波动情况并提出应对策略；,,任职资格：,1、精通各种数据挖掘算法（如逻辑回归、决策树、贝叶斯、神经网络等）及其原理，能根据业务分析专题，建立挖掘模型，选择最合适和高效的实现算法，具备使用Excel、SQL、SPSS/SAS、web trends、cognos等工具处理和分析较大量级数据的能力；,2、熟练使用R/Mahout/SPSS/SAS其中某一种或多种分析软件；熟悉Hadoop的体系架构和运行原理，熟悉Hadoop的MapReduce原理；,3、具备较强的数据解读能力、业务沟通能力和文档写作能力；,4、具有海量数据挖掘及分析相关项目经验，具有政府或运营商大数据分析挖掘经验、文本挖掘经验者优先。,5、具有优秀的学习能力，条理清晰，有良好的表达能力及沟通能力，有较强的组织语言文字功底，数据分析和逻辑能力；,6、做事认真细心，有上进心，有责任感，能承受工作压力，团队意识强。,",http://www.goilvpai.com,少于50人
数据分析经理,广州一智通供应链管理有限公司,广州-天河区,3-4年经验,本科,招1人,   业务分析经理主管,  上班地址：天平架陶庄路5号众创5号空间,"岗位职责：,1.梳理客服中心运营与业务需求，制定数据报表；,2.挖掘数据背后的短板、规律，为业务决策提供依据；,3.负责监控客服人员各环节的指标，产出相应的数据报表;,4.制定客服人员工作流程规范。,,任职要求：,1.全日制本科，统计学、数学、财务等相关专业；,2.熟悉常用数据库工具和数据常用分析工具（包含但不限于：SQL SERVER、ACCESS、R等）,3.熟悉OFFICE办公软件，能熟练使用Word、Excel、PPT、Visio等工具，其中EXCEL需要非常熟练使用，并且会常用函数。,4.表达沟通良好，逻辑清晰，亲和力强。,5.积极学习行业知识，不断提出创新想法。",http://www.1ziton.com,150-500人
数据分析员,广州广日物流有限公司,广州-番禺区,3-4年经验,大专,招1人,   统计员,  上班地址：广州市番禺区大石镇石北工业区,"1、熟悉运用office办公软件；,2、三年或以上工作经验；,3、有物流行业工作经验者优先考虑;,4、退伍军人优先考虑。",http://www.grwl.com.cn/,1000-5000人
数据分析员,广州广之旅国际旅行社股份有限公司,广州-白云区,2年经验,本科,招1人,   业务分析专员助理,  上班地址：机场西乐嘉路1号,"1、负责各类客户数据的分析需求，对数据进行深度分析和挖掘，撰写数据分析报告，提供适当的解读分析；2、协助建立各类客户分析模型；3、协助开展精准营销工作，负责各类营销活动客群数据提取、分析及活动效果评估；4、参与公司数据业务相关的设计和开发。,1、本科或以上学历，数学、统计、金融、计算机或相关专业，两年或以上数据分析相关工作经历；2、具有良好的沟通能力、逻辑分析能力，有较强责任感及团队协作意识；3、至少熟悉Excel、SPSS Clementine、R、SAS等其中一种统计软件的操作；熟练操作SQL查询语言；4、熟悉决策树、聚类、逻辑回归、关联分析、SVM、贝叶斯等数据挖掘算法5、有数据库营销、用户画像经验，或数据挖掘项目经验者优先考虑。",http://zhaopin.gzl.cn,1000-5000人
数据分析和挖掘,广州市优普计算机有限公司,广州,3-4年经验,本科,招3人,   数据库工程师管理员,  上班地址：广州市天河区五山路248号金山大厦,,http://www.uni-power.com.cn,50-150人
资深数据分析专员,广州安莱信息通信技术有限公司,广州-越秀区,1年经验,本科,招1人,   市场分析调研人员,  上班地址：德政北路538号达信大厦4楼,"1、负责客户数据分析，对客户大数据进行挖掘与分析，为产品、服务、营销等提供决策支持,2、负责客户清洗、标签管理、价值分群与生命周期管理,3、对CRM系统数据库进行运营规划，并提供优化建议,4、对分析数据制作可视化报告（如：PPT，数据海报等）,5、完成领导交办的其他工作。,,任职要求：,1、大专以上学历计算机或统计学相关专业，3年以上数据分析工作经验或CRM系统有相关工作经验优先。,2、良好的统筹、分析、归纳能力和严谨的逻辑思维能力，具备CRM数据分析或公司运营数据分析经验,3、熟悉数据分析相关工具，如R，SAS，SPSS，Python等。,4、有数据可视化相关经验或对机器学习算法有一定了解的候选人优先",https://www.anlai.com/,150-500人
商品数据分析主管,鸿星尔克集团广东分公司,广州-越秀区,无工作经验,招2人,12-07发布'],   物料主管专员,  上班地址：中山五路中旅商业城,,http://www.erke.com,1000-5000人
数据分析工程师,广州市番禺致丰微电器有限公司,广州-海珠区,无工作经验,本科,招1人,   大数据开发分析,  上班地址：琶洲宸悦路28号保利叁悦广场,"【工作职责】,1. 负责完成BI分析系统的设计与开发；,2. 建立数据自动化处理流程与实时数据分析模型；,3. 负责核心模块的开发，并编写相关技术文档。,,【任职要求】,1. 熟悉数据分析模型的实施，对模型结果进行评审；,2. 具有数据仓库、统计学和数据挖掘知识；,3. 熟练使用SQL Server数据库。,,【福利待遇】,1.工作时间：五天8小时工作制， 9：00am-18：00pm；,2.保险及公积金：按国家规定为员工缴纳养老保险、医疗保险、工伤保险、失业保险、生育保险以及住房公积金；,3.各类假期：享有国家规定的法定节假日及带薪年假、婚假、陪产假、带薪病假、丧假等假期；,4.薪酬：根据员工绩效考核定期做薪资调整、年终奖金发放；,,公司现处于高速发展期，于2017年在广州新CBD琶洲成立了战略人才中心，有大量的人才需求和很大的发展空间。,<strong>工作地点：琶洲叁悦广场；</strong>,",http://www.triohk.com.hk,500-1000人
数据分析主管（偏SEO）,广州城博建科展览有限公司,广州-海珠区,无工作经验,招若干人,12-07发布'],   ,  上班地址：新港东路996号保利世贸G座902,"1、负责数据清洗和录入，对潜在客户数据进行多维度标签分类,2、对各渠道营销数据负责，并根据营销结果进行优化,3、根据市场和推广部门需求，提供数据报表,4、负责展会相关数据录入，完成观众分析报告,,要求：,1、本科以上学历(理科生优先）,2. 有一定的数据分析能力，能从数据中发现问题、解决问题；,3. 良好的沟通能力和团队协作精神，能积极配合负责人进行市场策略的规划及实施。",http://www.windoorexpo.com,50-150人
数据分析专员,广州环亚化妆品科技有限公司（滋源...,广州-黄埔区,1年经验,招1人,12-07发布'],   大数据开发分析,  上班地址：科学城南云一路18号,"1. 报表需求了解：BW报表需求了解、报表设计及系统转化；,2. 报表实现过程：BW报表实现过程的执行、组织及跟进；,3. 跨部门沟通工作：了解相关部门需求，将其精准转化为报表功能实现需求；,4. 工作组管理：协助部门经理组织协调工作组的日常工作，上传下达。,,任职要求：,1、大专以上计算机或者数学专业，具备BW/BO使用经验者优先，熟练使用Excel的图表制作及数据处理功能；,2、具备数据分析能力，以及生成报表开发能力；,3、对数据模型有一定的认知，对提取业务数据进行系统建模有一定经验。",http://www.china-huanya.com.cn/,1000-5000人
数据分析师,广东省广告集团股份有限公司,广州-海珠区,5-7年经验,本科,招若干人,   大数据开发分析,  上班地址：保利世界贸易中心G座15层,,http://www.gimc.cn,1000-5000人
积分核算师（数据分析/pyhton）,广东鑫零售投资有限公司,广州-天河区,1年经验,大专,招1人,   大数据开发分析,  上班地址：金穗路3号汇美大厦1801A,"岗位职责：,1、负责会员积分体系搭建、会员等级相关业务的核算；,2、负责电商产品积分兑换规则的建立及后续更新维护；,3、根据产品定价及产品类目，建立分析算法和模型；,4、能够通过数据挖掘及分析，为电商平台促销活动提供数据支持，给出营销活动建议。,岗位要求：,1、至少熟练掌握R、SPSS、Python等一门数据分析软件；,2、对数据敏感，良好的逻辑思维能力，熟练掌握常见分析挖掘方法；具备一定的感性认知能力和理性分析能力，数据分析能力； 3、数学及应用数学、统计学专业，全日制大专以上学历；,4、有积分体系规则建模经验，一线互联网公司北京优先，优秀应届毕业生亦可培养。,福利：,1、 入职购买五险一金，外加各种生日礼金、结婚礼金、宝宝礼金、节日慰问礼品等；,2、 每天工作7.5小时，双休+国家法定节假日+带薪年假5-15天+带薪病假+不定期旅游、拓展活动；,3、 高素质、专业化的工作团队，优美整洁的办公环境，融洽和谐的工作氛围为您提供良好的工作环境。",http://www.ecxls.cn/about.html,50-150人
数据分析师,广州博骏家居科技有限公司,广州-天河区,1年经验,大专,招1人,   技术支持维护经理,  上班地址：广州市天河区中山大道中128号鸿利商务中心三楼348室,"岗位职责：,1.收集整理房地产行业数据，形成对定制家居行业有价值的数据报告。,2.负责定制家居行业相关数据收集，提炼出对行业/企业有价值的数据分析报告。,3.结合定制家居行业数据、业界观点和市场趋势，为长期业务发展方向提供战略层面的意见和建议。,4.消费用户画像分析，负责用户调研、分析等数据商业价值挖掘工作。,5. 完成上级交办工作，提供相关部门需求的数据支持。,岗位要求：,1. 统计学、经济学、信息学、数学与应用数学及其相关专业统招大专以上学历；,2.良好的数据敏感度，1年以上数据分析报告制作经验，能快速将数据分析结果整合成逻辑清晰的PPT报告；,3.对数据敏感，逻辑思维严密，有很好的分析能力和报告展示能力，有很好商业嗅觉；,4.具有较好的沟通和协调能力，善于跨部门沟通协作，工作积极主动；,6.精通Excel统计分析功能，熟练运用PPT输出分析报告；,7.熟悉tableau/SPSS/SQL/SAS等至少一种统计分析软件。,,   此职位替广东省定制家居协会代招。,   广东省定制家居协会是由广东省定制家居协会是由广东省从事定制家居行业的经济组织及相关单位自愿组成的、具有社团法人资格   的全省性、行业性社会组织，接受广东省民政厅的监督管理和广东省人民政府相关职能部门的业务指导。现广东省定制家居协会秘书处招聘数据分析师一名，福利待遇与广州博骏家居科技有限公司相同，欢迎有识之士应聘。",http://www.bojunhome.com/,50-150人
数据分析助理,广州速道信息科技有限公司,广州-海珠区,无工作经验,本科,招1人,   市场分析调研人员,  上班地址：新港中路397号TIT创意园创意西路C06栋,"负责统计业务部门的相关数据，并对数据进行分析，制作数据报表，提供决策参考。 , 任职资格：,1、大学本科以上学历；,2、细心，有耐心，对数据分析有浓厚兴趣；,3、有处理过大数据经验者优先。",http://www.ysbang.cn,1000-5000人
商务分析-数据分析,仁孚汽车（中国）有限公司广州分公司,广州-天河区,3-4年经验,本科,招1人,   业务分析专员助理,  上班地址：珠江西路17号广晟国际大厦32F,"<p class=""MsoNormal"">岗位描述:,<p class=""MsoListParagraph"">1. 与主数据管理团队协作，提升数据表达效果；,<p class=""MsoListParagraph"">2. 依托数据支撑，高效洞察业务表现所呈现的风险与机会，为业务策略提供支持；,<p class=""MsoListParagraph"">3. 整合内外资源，孵化新业务板块及推动项目落地实施。,<p class=""MsoNormal""><?xml:namespace prefix = o ns = ""urn:schemas-microsoft-com:office:office"" />,<p class=""MsoNormal"">岗位要求:,<p class=""MsoListParagraph"">1. 3年以上商业分析或策略规划相关从业经验，有数据驱动思考意识；,<p class=""MsoListParagraph"">2. 优秀的数据敏感，能从海量数据提炼的结果中挖掘有价值数据；,<p class=""MsoListParagraph"">3. 拥有一定的项目参与及管理经验，能形成制定流程化、规范化的工作方式；,<p class=""MsoListParagraph"">4. 主动性强，擅长表达，能够快速高效地进行跨部门交流；,<p class=""MsoListParagraph"">5. 互联网商业分析经验、咨询公司经历或汽车、保险相关策略分析经历优先；,<p class=""MsoListParagraph"">6. 计算机、统计、数学、信息技术等专业、国内外名校毕业优先。",http://www.zfchina.com,500-1000人
广告投放专员（可接受运营/数据分析转岗）,广州大蓝网络科技有限公司,广州-海珠区,无工作经验,大专,招若干人,   网络推广专员,  上班地址：广州市海珠区琶洲街道暄悦东街23号中悦广场（万胜围地铁站D出口）,"【岗位职责】,1、负责广告投放素材的协调准备，及时跟进素材投放效果，持续优化，定期总结素材投放效果；,2、负责日常广告投放的执行管理，确保广告的准确投放，跟进广告投放效果，及时优化；,3、定期对在投渠道的效果进行整体分析，根据数据分析结果优化广告投放方案，持续精准化广告投放。,,【任职要求】,1、大专以上学历，熟悉网络广告投放的工作流程，具有游戏行业经验优先考虑，可接受游戏运营或数据分析类岗位转岗；,2、具有较强的逻辑思维及数据分析能力，善于数据分析、挖掘；,3、性格外向，有良好的团队合作意识与沟通协调能力，有责任心，抗压能力较好；,4、具有广点通、智汇推、今日头条、爱奇艺等信息流渠道广告投放经验者优先。,,公司福利：,【薪酬结构】富有竞争力的薪资体系，还有全勤奖、季度奖、年终奖、年底双薪等,【六险一金】购买五险一金（医疗保险、养老保险、工伤保险、失业保险、生育保险、住房公积金）+ 商业保险,【职业发展】只论能力不论年资，提供良好的成长路径，不辜负每个有能力的人,【培训分享】一对一导师培训，定期组织新员工入职培训，不定期组织部门内部及跨部门分享会,【生活福利】免费零食、美味午晚餐、丰盛下午茶、自动贩卖机、微波炉、大冰箱等,【丰富假期】国家法定节假日+带薪年假、婚假、产假、陪产假、带薪病假等,【节假礼金】节假日享有公司精心挑选的礼物，如端午粽子礼包、儿童节怀旧零食、七夕暖心礼物、中秋月饼等,【年度体检】每年享有一次权威而专业的医疗机构全面健康检查机会,【工作环境】珠江边超甲级写字楼，采光一流、绿植遍布的办公区，宽敞舒适的休闲娱乐区",http://www.aidalan.com,50-150人
数据分析专员,广州市万表科技股份有限公司,广州-番禺区,1年经验,本科,招若干人,   业务分析专员助理,  上班地址：番禺大道北60-1号,"工作职责：,1、负责业务数据的统计分析、报表编制及呈报，包括日/周/月/季/(半)年报等，实现日常数据可视化；,2、负责WEB 端以及APP端的产品业务分析、用户行为分析、用户画像分析，通过分析挖掘业务，能够给产品端、业务端提供合理化的建议；,3、了解销售订单处理过程，跟踪运营数据，发现业绩增长点和增长时机，及时对异常情况进行预警；,4、分析结果指标，发现策略执行过程中的问题，并形成改进建议；,5、领导交代的其它事宜,,任职要求：,1、专科及以上学历，计算机、经济、统计、软件工程、信息管理、财务等相关专业，具备两年及以上的工作经验者优先考虑；,2、熟练操作EXCEL（常规函数、数据透视表、图标制作等），可以用PPT撰写分析报告；,3、在销售型公司工作过的人员优先考虑，对销售评估指标、业务管理核心指标清晰；,4、良好的敬业精神、具有一定的分析和解决问题的能力；,5、具备一定的管理能力和较好的沟通表达能力，善于协调公司内部各部门之间的关系；,6、工作有条理，做事认真仔细、执行力强、有责任心。",http://www.wbiao.cn,150-500人
数据分析经理,深圳创酷互动信息技术有限公司广州...,广州,2年经验,本科,招1人,   其他,  上班地址：广州市天河区天河软件园建中路64－66号佳都商务大厦东塔602室,,http://www.szckhd.com,150-500人
数据分析专员,广州市熳洁儿服饰有限公司,广州,2年经验,大专,招若干人,   业务分析专员助理,  上班地址：广州市越秀区大南路2号合润广场28楼,"<b>岗位职责：</b>,1、负责完成公司日常销售报表，建立各业务部门数据模板；,2、负责各类销售指标的月度、季度、年度统计报表和报告的分析统计；,3、负责各类数据报表的开发，优化，数据自动化。,4、负责商品与销售周例会分析等各类分析报告，提供分析结果支持业务开展；,5、部门内及部门之间相关工作协调工作，及其它上级交办事务。,,,<b></b>,<b>任职资格：</b>,1、性别不限，35周岁以下，大专以上学历；,2、2年以上服装行业相关数据分析岗位工作经验，有数据分析工作经验，精通操作excel表格制作、函数应用、图表分析；,3、对数字有强烈的敏感度，具备较强的数据分析及问题的解决能力；,                                                ,4、耐心、有合作意识。,,【关于公司】,一、上班地址：广州市越秀区大南路2号合润广场28楼,<p style=""text-indent: 2em;"">乘车路线：,地铁——地铁1号线公园前站下，J出口，往广州起义馆方向(起义路)，步行15分钟到公司；  ,         地铁2号线或6号线海珠广场站下，E出口，沿起义路，步行8分钟到公司。  ,公车——公司附近的公车有起义路口站、海珠广场站、大南路站、解放南路站，步行在5-15分钟到公司。,,,二、公司福利：  ,1、优厚待遇：基本工资+餐补+全勤奖+五险+年终奖金,2、富足时间：工作时间：9:00-18:00+单双休+法定假+带薪年假+加班补休,3、贴心礼物：生日礼券+节日礼金+年终精美礼品,4、舒心福利：内购福利+定期组织员工旅游+户外拓展+专业技能培训+共同创业,5、其他便利：三地铁线（1-2-6线）交汇出口+温馨茶水间,,,                                                        欢迎加入熳洁儿！ 联系电话：020-83720078-8006",http://www.manjill.com/,150-500人
数据分析师,广东南方数码科技股份有限公司,广州,无工作经验,本科,招若干人,   系统分析员,  上班地址：广州市天河区科韵路26号测绘大厦四楼,"1、 负责数据收集；,2、负责对行业数据、网络数据、位置数据进行组合分析；,        3、负责运用图表有效表达分析观点。,岗位要求：,1、本科或以上学历，计算机软件、数学、统计及相关专业；,2、熟练掌握SQLServer、Oracle、MySQL等主流数据库，对数据库性能优化有丰富经验；,3、熟悉数据采集和预处理相关技术；,4、熟悉EXCEL、BI工具等数据分析工具,有实际使用经验优先；,5、能承担数据分析压力，有独立数据分析经验优先；,                    6、具有良好的协调、沟通能力，团队合作能力强。,",http://www.southgis.com,500-1000人
电商数据分析,嫚熙控股（广州）有限公司,广州-白云区,3-4年经验,本科,招1人,   业务分析经理主管,  上班地址：嘉禾望岗金塬大厦3A,"1、负责电商平台相关数据指标的监测、整理分析，并形成指标体系；,2、会建数据模型并会推演；,3、根据运营需要，针对用户、销售、推广等数据定期输出日报/周报/月报；,4、负责公司产品方面的数据分析(包括库存/售罄率/销售状况/货品结构等),为公司提供全面的数据分析结果,提出合理化建议,令销售取得更好的经营效益；,5、按照产品结构分析提供合理的订购指标,依据区域性消费结构,提供合理的产品组织结构和库存配比；,6、配合业务部门的其他数据分析需求，协调相关部门推动分析，促进项目的高效完成。,任职要求：,1、统计学、数学、市场营销、电子商务等大专以上学历；,2、具备电商行业三年以上互联网数据分析、运营优化经验；,3、具有较强结构化思维、逻辑思维能力，对数据敏感，具备优秀的信息整合和分析能力；,4、能够形成清晰的业务观点和前瞻判断；,5、熟练独立编写数据分析报告，并能够查找数据异动原因和提出有效的解决方案；,6、具有良好的沟通和协调能力，善于跨部门沟通协作，工作积极主动；,7、熟练使用excel及其他数据分析工具。",https://emxee.tmall.com/,150-500人
数据分析主管,摩登大道时尚集团股份有限公司,广州-黄埔区,无工作经验,招若干人,12-07发布'],   业务分析经理主管,  上班地址：科学城光谱中路23号摩登大道时尚集团总部,"工作职责：,1.以业务经营策略和运营能力培育为导向，建立部门各类运营指标体系；,2.编制各类指标的对标值和目标值；,3.负责部门整体经营分析报表的合并，统筹各模块经营分析报表的编制；,4.拓展经营分析工作的思路和维度，与业务保持紧密对接，能通过经营分析为业务提供支持；,5.出具经营分析相关的各类报表；,,任职条件：,1. 有3年企业经营分析或服装行业商品经理工作经验，其中服装行业经验两年以上；,2. 熟练使用EXCEL；,4. 对数据敏感，工作细致，责任感强，良好的沟通协调能力和人员管理能力。",http://www.modernavenuegroup.com/,500-1000人
助理研究员/助理数据分析师,新华信（SINOTRUST）,广州,无工作经验,本科,招4人,   专业顾问,  上班地址：五羊新城泰恒大厦,"【助理研究员】,1. 负责资料收集与整理、现场调查等基础工作,2. 调研数据初步整理,3. 协助项目研究问卷/提纲设计,4. 协助项目运作管理,5. 协助数据质量管理,6. 参与项目报告制作与文案撰写,【助理数据分析师】,1. 调研原始数据初步整理,2. 车主名单整理,3. 协助制作各项目数据报告,4. 协助编写EXCEL、PPT批处理程序,5. 其他相关数据处理工作,岗位要求：,1. 本科及以上学历，欢迎应届毕业生应聘,2. 统计学、市场营销相关专业,3. 熟练使用EXCEL、PPT、OUTLOOK等办公软件,4. 良好的逻辑思维能力,5. 适应高强度工作,6. 【助理数据分析师】掌握至少一门编程语言，熟悉VAB、SPSS、R、Python及数据库等优先",http://www.wpp-sinotrust.com/,500-1000人
数据分析,广州市安发网络科技有限公司,广州-天河区,2年经验,本科,招1人,   数据库工程师管理员,  上班地址：广州市CBD天河区石牌桥丰兴广场B座18楼 （地铁三号线石牌桥B出口50米）,"【岗位职责】,1、梳理运营与推广的业务需求，制定数据报表；2、挖掘数据背后的市场方向、规律、短板，为业务提供决策依据；3、分析运营与推广需求，固化常规数据报表，提升数据支持运营与推广的能力；4、通过数据分析工具，高效支持业务端的数据查询需求，包括经营数据，会员数据的查询；5、数据研究与分析，通过挖掘数据的内在关系，发现运营与推广中的问题，并推动问题的解决；6、满足业务方对数据的各类取、过滤、分析等需求。,【任职要求】：,1、985本科以上学历，具备2年及以上互联网数据分析、运营优化经验者优先考虑；,2、具有较强结构化思维、逻辑思维能力，对数据敏感，具备优秀的信息整合和分析能力；,3、熟练独立编写数据分析报告，并能够查找数据异动原因和提出有效的解决方案；4、具有良好的沟通和协调能力，较好的团队合作精神，工作积极主动，责任心强；,5、熟练使用excel及其他数据分析工具。",http://www.anfanet.com/,50-150人
商品数据分析,广州腾羿服饰有限公司,广州,1年经验,大专,招1人,   业务分析经理主管,  上班地址：广州市白云区鹤龙街鹤龙东路29号CDZ创意空间7楼（地铁2号线黄边站D出口）,"岗位职责：,1、核心数据收集及梳理；,2、商品数据报表的编制；,3、商品数据初步分析；,4、企划案协助编制；,5、 报表PPT编制。,任职要求：,1、有一年以上数据统计分析工作经验，有服装行业工作经验优先；,2、大专以上，商业统计学专业优先；,3、具备较强的数据分析能力，并能够依据销售数据提出建议；,4、熟练使用各类office软件（如word、excel、ppt）",http://www.crz-cn.com/,150-500人
数据分析助理,广州通达汽车电气股份有限公司,广州-白云区,无工作经验,本科,招2人,   统计员,  上班地址：西槎路聚龙工业区14栋,"岗位名称：数据分析助理,岗位职责：,1、负责产品或者数据平台的需求调研、数据分析等工作；,2、通过数据分析深入探索数据的潜在商业价值以及实现成本控制及风险预估；,3、负责公司成本核算、员工计件工资的审核、计发等 ；,,任职资格：,1、本科以上学历，数学、统计、经济等相关专业；,2、熟悉数据软件SQLserver，熟练使用SPSS、SAS、Eviews、R语言等统计软件；,3、熟练使用EXCEL表及涵数运算，良好的数据敏感度和逻辑思维能力，能从海量数据提炼核心结果；有较强的数据分析能力，具备良好的沟通能力和表达能力，能够独立开展业务调研、数据分析工作。,,一经录用、待遇从优！",http://www.tongda.cc,1000-5000人
数据分析师（供应链方向）,南京领添信息技术有限公司广州分公司,广州-番禺区,2年经验,本科,招2人,   数据库工程师管理员,  上班地址：南村镇金坑工业区广兴红棉路6号之2号楼4层,"工作职责：,1、负责公司供应链中心的经营分析，监控和评估各部门业务开展的健康度；,2、专题分析，为管理层和业务部门提供商业策略分析和业务优化建议；,3、优化和完善所属方向的数据分析体系，包括KPI指标体系、报表体系、专题分析体系；,,任职要求：,1、理工科本科及以上学历（数学类相关专业研究生毕业优先）；28-35岁,2、至少2年以上数据分析工作经验，零售、互联网、通信、金融行业供应链管理背景优先，有团队管理经验者优先；,3、精通使用SQL/EXEL，熟悉至少一种数据库软件；,4、有较强的团队沟通协调能力，高效的执行力；,5、逻辑思维严密，有很好的分析能力和报告展示能力，有很好数据敏感度；,6、如果你认为自己有幽默感、自信，有创意，对数据分析情有独钟，那么你就是theonly。",https://www.sheincorp.cn,1000-5000人
数据分析员,广州锦兴纺织漂染有限公司,广州-南沙区,无工作经验,招1人,12-08发布'],   系统分析员,  上班地址：东涌镇,"1.大专或以上学历，计算机专业、软件开发等相关专业毕业；,2.懂编程、数据库系统，熟练offices办公软件；,3.思路清晰，独立性强，较强的沟通协调能力，具有团队合作精神；,4.优秀应届毕业生均可；<?xml:namespace prefix = o ns = ""urn:schemas-microsoft-com:office:office"" />",http://www.kamhing.com,1000-5000人
数据分析师/业务分析师,昊居科技有限公司,广州-海珠区,2年经验,大专,招1人,   业务分析专员助理,  上班地址：琶洲保利世界贸易中心C座,"1、负责房地产市场情况的调研、分析；,2、负责地产数据的相关整理、分析工作，参与数据库信息建设工作；,3、负责报告的撰写及整合工作。,任职资格:,1、大专以上学历，房地产、经济学、地理学、统计学等相关专业优先；,2、熟练操作各种办公软软件，学习能力强、执行能力强；,3、具备1-2年房地产销售行业（代理、分销）相关岗位工作经验。",http://www.ouhaogroup.com,1000-5000人
5数据分析师,广州尚微浩商贸有限公司,广州-天河区,1年经验,本科,招2人,   情报信息分析人员,  上班地址：棠下村东岳财富广场C座3楼,"<b>公司介绍：</b>,尚德教育，国内著名教育机构，主营业务有学历提升和职业资格证的考试与培训。目前全国分公司300多家，广州分公司员工规模2300人。多次被腾讯，新浪等知名主流网站报道，今年尚德机构广告登陆2018央视春晚，标志公司正进入快速发展阶段。上市公司，福利待遇完善，晋升空间广,<b></b>,<b>工作岗位:</b>,1、负责完成数据库资源建设、数据库统计、分析、报告撰写等相关工作；,2、按时完成所有项目的内部报表和外部报表、并进行报表数据的整合与管理；,3、对项目数据进行处理分析，建立可行性模型，对数据结果形成可视化报表；,4、呼叫中心各KPI数据的收集、分析、预警、推动业务负责人做不达标KPI改善；,5、各类业务数据分析汇总、趋势分析，为流程改善和业务发展提供数据支持。,<b></b>,<b>任职要求：</b>,1、本科及以上学历，计算机、统计学相关专业，一年工作经验以上；,2、具有较强的数字敏感性，较为精通EXCEL软件，熟练应用函数及相关的统计分析工具；,3、具有良好的数学建模能力和数据分析能力，对数字敏感逻辑思维严密，熟悉MySQL等工具的相关操作；,4、具有良好的条理性、逻辑分析能力和敬业精神。",http://www.sunlands.com,10000人以上
数据分析师,广州福利汇网络科技有限公司,广州-天河区,无工作经验,招1人,12-07发布'],   风险管理控制,  上班地址：兴民路222号天盈广场,"岗位职责,1、 研究日常公司风险指标动态和周期性分析，对异常指标情况进行深度挖掘分析；,2、 实时跟踪公司贷款业务的数据变化，为公司运营决策、产品方向、信贷策略提供数据支持和方案；,3、 对公司新的信贷政策的执行效果，进行跟踪与结果验证，及时反馈政策效果；,4、 公司资产质量分析，优化不良资产的识别跟踪，针对各逾期状态、风险敏感性客群进行深度挖掘分析；,任职资格：,1、 本科及以上学历，统计学及应用数学等相关专业；,2、 具有2年以上风控分析及数据挖掘相关经验，同行业及银行经验优先考虑；,3、 对银行业或小额贷款行业风险管理有一定的认知和实践；,4、 熟悉数理统计及数据分析常用算法，对数据敏感，能从海量数据中提炼出核心结果；,5、 熟练使用Excel、SQL工具及至少一种统计分析或数据挖掘工具（例如 SPSS、SAS、R、Matlab等）；,6、 工作认真细心，尽心尽责，有良好的团队合作精神； ,7、应届毕业生亦可；,8、会R优先。",https://www.fulijr.com/,50-150人
保险公司内勤文员(数据分析、资源整合、大专学历),广东隆信劳务服务有限公司,广州-天河区,无工作经验,大专,招若干人,   销售代表,  上班地址：太古汇,,http://www.longxin1111.com,150-500人
数据分析师,广州与至服装有限公司,广州-海珠区,无工作经验,大专,招1人,   业务分析经理主管,  上班地址：红卫新村西路29号UP智谷D栋2-3楼,"职责,1.监控货品进销存情况进行销售及货品供应预测分析,2.进行市场调研，分析市场产品销售信息和市场大盘信息,3.通过了解业务，分析数据，为商品企划，运营决策，供应链等提供数据支持；,4.通过商品峰值分析制定相应的时间计划。,,任职要求,1.精通EXECL，熟练使用 SAS、SPSS 、R等工具,2.优秀的数据分析能力及计划能力。,",http://www.kuose.com,150-500人
数据分析师,南方都市报,广州-越秀区,无工作经验,招若干人,12-07发布'],   其他,  上班地址：广州大道中289号,"部门：大数据研究院,挖掘并分析数据，编写数据报告及课题报告，为相关项目提供数据化支持。,任职条件：,        ",http://nd.oeeee.com/,500-1000人
数据分析,广东顺心快运有限公司,广州-白云区,2年经验,大专,招1人,   大数据开发分析,  上班地址：广州市白云区太和镇大源村林安物联网中心11楼,"<b>岗位职责</b><b></b>,1.价格数据监控分析，产品经营数据统计分析；,3.产品运营质量分析，同行产品数据收集管理；,3.完成领导交办的其他任务。,<b>岗位要求：</b><b></b>,1.大专及以上，统计学、数学等相关专业，熟悉物流快递业务流程；,2.思维活跃，擅长沟通协调，抗压能力强，愿意长期在物流行业发展；,3.办公软件能力优秀，能够熟练掌握SQL、Access、EXCEL、PPT等应用；,4.良好的职业道德修养，从事过物流快递行业营运或营销类工作的优先。",http://www.sxjdfreight.com/,1000-5000人
运营专员（数据分析）,广州要玩娱乐网络技术股份有限公司,广州-海珠区,无工作经验,招若干人,12-07发布'],   网站运营专员,  上班地址：广州市海珠区沥滘路368号广州之窗商务港7-8楼（地铁3号线沥滘站）,,http://hr.yaowan.com,150-500人
商品数据分析专员,广州市意韵服饰有限公司,广州-番禺区,3-4年经验,中专,招1人,   业务分析经理主管,  上班地址：南村镇塘步东豪盛工业园,"职位描述:,1、商品报表分析（消化率、周转率、折扣率、利率分析报表）；,2、负责全国店铺商品销售及库存情况进行跟踪、分析；,3、收集整理商品数据，制作周、月、季商品分析报表；,4、销售数据分析与支持工作；提供相应订货套餐，给予直营店、加盟店参考；订货后输出订货分析报表；,5、订货会前投产量数据分析与支持工作。,,任职要求：,1、大专以上学历，营销、统计学相关专业毕业；,2、三年以上相关岗位工作经验，熟悉服装品牌市场，对时尚潮流有一定的把握度；,3、有良好的商品知识及数据分析能力；,4、熟练运用EXCEL函数、制作透视表、PPT等；,5、具备较强的逻辑思维能力及数据分析能力，对货品营运流转有较好的见解。",http://www.fankai.net,150-500人
客服部数据分析师,广州纽得赛生物科技有限公司,广州,1年经验,本科,招1人,   网店店铺管理员,  上班地址：海珠区赤岗西路265号文化谷一号楼101,,http://www.niudesai.com,50-150人
高级数据分析师,广州星逸文化有限公司,广州,3-4年经验,大专,招1人,   数据库工程师管理员,  上班地址：白云区嘉禾望岗地铁B出口 金塬大厦 5A,"一、岗位职责,1、参与年度目标的制定和分解，定期对销售目标的达成进行滚动跟踪测算和预警,2、负责公司各个平台的日常数据分析工作，定期提交各种常规的数据分析报表，报告,3、定期对门店业绩诊断，和业务部门配合，找出影响业绩的因素进行深入分析（如流量，转化，客服，物流，产品等），并推动持续进行改善与复盘,4、对集团客服售前售后退货等数据进行多角度诊断和分析，提出优化改善建议并跟进改善,5、分析产品的全生命周期数据，为产品的开发，上市，运营，价格调整，促销，产品迭代，退市等提出合理化的改善建议,6、根据公司经营重点，不定期统筹或组织开展各种专题分析研究项目,,<b>二、人员要求</b>,1、3年以上工作经验，有电商行业，母婴儿童行业工作经验尤佳,2、对各种数据分析挖掘工具软件，数据库熟悉（Excel，Python ，Sql，MongoDB）,3、积极主动，具有较强的沟通表达能力，抗压能力,                                                ,,4、能将各种数据分析结果转化为业务语言",http://www.aole.top/,500-1000人
华南渠道运营-数据分析方向,字节跳动,广州,3-4年经验,本科,招2人,   网站运营专员,  上班地址：珠江新城珠江东路6号周大福金融中心15层,,https://job.toutiao.com/society,10000人以上
数据分析师,广州致景信息科技有限公司,广州-海珠区,3-4年经验,本科,招1人,   大数据开发分析,  上班地址：广州市海珠区新滘西路533号鸿洲国际轻纺城9楼,"岗位职责：,1.收集各项指标，建立各类分析模型所需要的数据框架（偏向ETL),2.有针对性进行数据分析建模,3.从分析过程中发现问题，提出改进或建议,4.完成分析报告，并按需求进行设计和优化,5.完成其他上司交待相关工作,任职要求,1.  数据统计岗2年或者数据分析岗1年以上,2. 掌握统计学，概率论等相关统计分析知识，熟悉各类结构化数据库原理及知识，了解机器学习，及熟悉各类分析模型和算法，并了解运营及运维知识，具有一定的编程语言基础，,3. 精通mysql语句,熟练spss，R，SAS，Matlab, python,spark,hadoop等其中一个或多个统计分析软件,懂得BI报表制作，可视化展示，及制作分析报告模板,4. 有良好的数据思维，吃苦耐劳的精神和强抗压能力,,优于同行的福利待遇：,1、工作时间：9:00-12:00&amp;14:00-18:00，每天7小时工作制+弹性休息（月休6天）,2、入职即购买五险一金+国家法定节假日、婚假、产育假等法定假期+长达15天春节假期,3、高于行业水平、具有竞争力的待遇,4、各种节日活动&amp;福利+员工特定慰问金+每月部门吃喝玩乐+专业培训+旅游团建,5、扁平化管理+年轻化团队+老板nice+宽松的工作环境+轻松的工作氛围,5、完善的晋升机制，充裕的发展空间，你有能力，我有平台",http://www.baibu.la,150-500人
数据分析员,广东菲立智能家居有限公司,广州,1年经验,大专,招若干人,   数据通信工程师,  上班地址：广州市新塘镇沙埔银沙工业区（荔新九路43号）千亿产业园内,1、组织完成图纸订单的审图、拆分、计料数据的审核，确保计料数据的正确性；2、审核计料拆分的数据，为生产、备货提供准确的数据；3、分析计料数据的出错原因，进行合理修改和调整，提升订单计料的准确性和质量。岗位要求：1、该岗位需学习相关产品知识和电脑绘图软件的知识；2、大专以上学历（具有家居行业经验者优先）；3、性格外向，吃苦耐劳、可接受加班。,http://www.felive.com,50-150人
数据分析专员,广州市三横信息科技有限公司,广州-增城,1年经验,大专,招1人,   市场分析调研人员,  上班地址：新塘大道西642号B2栋3楼,"1、了解并获取行业竞争动态和产品动态，给予产品部门决策支持；,2、对运营部销售情况进行统计分析，对市场分布情况、重点商品结构、利润结构进行分析；,3、负责竞争对手热销品和新品数据分析，协助部门负责人制定销售策略；,4、提供业务数据分析报告、竞品数据分析报告，以及运营建议；,5、协助领导完成其他相关工作。,任职要求：,1、大专及以上学历，一年以上相关电商、数据分析工作经验；,2、具备较强的逻辑思维能力，敏锐的观察能力和独立分析能力，有较强的市场感知力和数据敏感度；,3、精通Word/Excel表格等办公软件的使用，学会用数据说话，能独立、高质量的完成大部分成果文件,为决策提供支撑；,4、良好的沟通表达能力和组织协调能力，富有进取创新精神和团队合作意识。",http://www.sanhengwenchuang.com,50-150人
数据分析师/建模师,广州蓝深电子商务有限公司,广州-荔湾区,1年经验,本科,招3人,   大数据开发分析,  上班地址：广州市荔湾区芳村大道东200号1850创意园,"岗位职责：,1.对既有业务的数据的搜集、整理、提取、分配、统计、分析、预测、报告、挖掘，提交有效的分析报告；,2.对乐器、箱包、户外、家居等产品生命周期以及相关数据等进行深度的分析和挖掘；,3.对日常业务团队过程、结果分析，发现问题，给出解决方案，推动业务发展；,4.支持业务部门的报表处理及数据需求；挖掘分析主题，开展数据分析工作，基于数据分析成果，为管理层和业务部门提供商业策略分析、业务优化以及开发产品改善建议，持续改进运营效果；,5. 制定数据分析的工作流程和规范，确保数据信息安全；,6. 具备底层数据维护经验，能够独立完成常规数据库维护；,                        7. 检测所有投放渠道广告效果并对其投放数据进行分析，总结投放问题，提出并优化策略。,任职要求：,1.数学、统计学、计量经济学、信息管理、计算机等相关专业，本科及以上学历，有数据统计分析经验者优先；,2.对数据敏感、有较强的逻辑分析能力、文字表达能力和学习能力；,3.精通跨境电商相关行业的数据分析/数据挖掘；,4.熟练掌握SQL或MYSQL、SAS或SPSS等技能.Excel等相关office办公软件；,5.思维缜密、思路清晰，注重细节，较好的逻辑分析能力；,6.熟悉跨境电商业务特点、市场状况和发展趋势等，对业务数据敏感；,7.良好的文档撰写能力、口头表达能力和沟通能力；,                            8.深刻认识且认可团队协作的意义，且身体力行。,             ",http://rantion.com,150-500人
数据分析师,广州河马游戏科技有限公司,广州-天河区,1年经验,本科,招1人,   大数据开发分析,  上班地址：广州市天河区员村红砖厂创意园F18A,"岗位职责：,1.基于业务逻辑，建立业务数据模型与指标体系，持续跟踪业务数据，监测业务发展态势，为业务指标提供预警、监测和解读；,2.基于游戏用户行为数据，结合产品运营状况，负责游戏产品的数据分析与数据挖掘模型构建，帮助产品提升用户体验；,3.优化产品团队在数据统计、分析、监控等方面的流程和规范，帮助产品团队成员提高数据跟踪、数据分析、数据决策的意识和能力；,4、提供分析报告，对公司业务的运营进行评估和建议，从数据的角度推动公司运营决策；,5、密切关注游戏运营数据，对数据异常及时给出预警；,任职要求：,1、本科或以上学历，计算机软件、数学、统计及相关专业；,2、对数字，数据敏感，具备良好的逻辑思维能力；,3、熟悉大数据系统架构及大数据处理相关技术者优先；,4、熟悉相关数据挖掘分析及分布式数据分析工具使用，有数据挖掘项目经验者优先",http://hippo-gaming.com/,50-150人
商品数据分析员,深圳市红四海纺织品有限公司,广州-白云区,1年经验,大专,招2人,   市场分析调研人员,  上班地址：黄边北路汇金大厦,"岗位职责：,,1、对下架及不动销的商品进行分析并货；,2、负责策划特价货品的促销活动；,3、策划过季货品的退仓/收仓；,4、销售数据统计与分析；,5、引导店铺补货、跟进落实并追踪结果。,,任职要求：,,1、具有丰富的服装管理或商品管理、数据管理等资格；,2、熟悉货品运转及数据统计；,3、具有服装管理、商品管理等相关工作经验；,4、会计、统计学专业者优先考虑。",http://www.ailsha.com/,500-1000人
财务助理/数据统计/数据分析,广东沙驰鞋业发展有限公司,广州,3-4年经验,招1人,12-08发布'],   统计员,  上班地址：花都区花山镇坪山村云都广场（花山镇政府旁）,,http://www.satchishoes.com,50-150人
商品数据分析师/专员,广州乔莎服饰有限公司,广州-番禺区,2年经验,大专,招1人,   大数据开发分析,  上班地址：会江地铁站C出口巨大创意产业园二期西塔12栋17楼,"岗位职责：,1、负责进行商品分析，用户数据洞察，数据挖掘和分析，为商品企划提供数据支持；,2、协助商品管理--产品的爆旺平滞分级建立，以及库存周转预警和补货分析；,3、负责协助商品企划制定--进行跨境电商商品自身过往历史数据和行业内历史数据，作出趋势预估，为商品计划和销售计划提供参考依据；,4、通过商品分析及结合流行趋势提供商品采买建议参与产品总体商品企划，分析商品结构，把握新品上市节奏、结合商品销售情况提出欠缺商品和商品修改意见；,5、协助完成商品活动复盘分析，负责商品开款/入仓/上架/推广时间节点、商品成本、商品占比及结构调配的数据分析建议输出和把控，负责年度货品性质变化的把控。,岗位要求：,1、本科及以上学历，统计学、计算机等专业；,2、2年以上相关数据分析工作经验，逻辑思维清晰，具备商品企划数据分析经验优先；,3、熟悉基本的服装商品企划思路和方法策略，擅长商品交易的数据分析，对数据变化敏感，能够依据数据制定出合理的可实施的改善意见和方案；,4、 掌握基本的统计方法，熟练使用SQL，熟悉至少一种数据库软件（如：ORACLE、MYSQL、SQL Server、SAS等），能够熟练的利用Excel进行数据整理和编辑、统计分析和高级分析；,5、实事求是，数据驱动，结果导向，不惜代价，同理心强，推动力强；,6、了解跨境电商服装行业，具有相关行业的数据分析工作经验者优先。",http://www.banggood.cn,5000-10000人
商品数据分析员,广州市妮乔服饰有限公司,广州-白云区,无工作经验,招1人,12-08发布'],   业务分析专员助理,  上班地址：广州市白云区黄石西路383号凯粤大厦B座7楼708,,http://www.jihanhao.cc,150-500人
数据分析,广州衣百服饰有限公司,广州-番禺区,无工作经验,大专,招2人,   统计员,  上班地址：广州市番禺区地铁二号线会江站金河产业园D2栋3楼,"岗位职责：,1、负责各类周报表、月报表、季度报表、年度报表的统计制作。,2、负责数据采集、数据备份及数据保密，包括业绩、天气、商圈、人流、用户等。,3、参与数据BI体系建立及参加相关培训课程。,4、负责数据监督门店制度、各部门制度执行，并统计异常情况。,5、负责公司仓库盘点，包括门店仓、总仓、物料仓。,6、负责ERP系统中单据、渠道资料、用户资料、权限资料等模块管理。,7、负责ERP系统服务器问题及汇总开发需求，对接ERP软件公司解决。,8、负责远程协助门店安装ERP软件并处理简单问题。,9、负责顾客订货流程对接处理。,10、负责过季商品门店打包和拆包工作对接处理。,,任职资格：,1、工作认真负责，具备较强解决问题能力，对数据敏感；,2、熟练使用WORD，EXCEL等办公软件；,3、工作经验不限。,",http://微信公众号：hurry100,500-1000人
数据分析师,东莞市糖酒集团美宜佳便利店有限公司,东莞-南城区,2年经验,本科,招2人,   大数据开发分析,  上班地址：东莞市南城区莞太路21号美佳大厦A座5楼东莞大区,"一、招聘要求：,1、本科及以上学历，数学、统计类专业，工作地点：美宜佳总部东莞；,2、良好的书写与口头沟通能力；,3、熟练掌握SQL语言及Excel；,4、熟练掌握主流数据库，如MS SQL Server、Oracle或MySQL；,5、了解主流分析工具，如：Spss, Matlab等等；,6、有数学建模、数据挖掘经验者优先。,二、工作职责：,1、 各类经营分析报表的制作；,2、 海量运营数据的分类汇总、分析研究和数据建模；,3、 对数据库信息进行深度挖掘和有效利用，充分实现数据的商业价值；,4、 跟踪并分析用户行为，为公司零售、批发、营销平台及企业信息化等领域的产品设计进行海量数据支持。",http://www.meiyijia.com.cn,1000-5000人
电商数据分析师,广州栋方生物科技股份有限公司,广州-天河区,3-4年经验,本科,招1人,   大数据开发分析,  上班地址：天源路5号天河新天地2栋1017室（天河客运站地铁口旁）,1、分析店铺产品开发方向，建议开发商品，对店铺消费者进行分析分类（提高客服对消费者服务的了解及产品销售导向）2、线上平台淘宝、京东、唯品、市场信息收集、整理对手分析，同类目分析，规划商城商品结构。3、分析平台上新及活动流量建议平台上新规划。4、定期跟进渠道数据的采集管理，价格管理，提高商城转化率；定期提供商城类目、单品、全店商品销售分析报表，销售目标完成情况分析。任职要求1、本科以上，理科专业优先；2、对数据敏感，有较强的数据分析能力和逻辑思维能力；3、熟悉商品管理、运营，有电商平台数据统计分析经验优先考虑。,http://www.ridgepole.com,500-1000人
商品数据分析员,广东雅娜集团有限公司,广州-白云区,2年经验,大专,招1人,   财务分析员,  上班地址：广州市白云区云城西路888号绿地中心大厦2907-10室,,http://www.yanorchina.com,150-500人
数据分析师,文峰荟（广州）创业投资管理有限公司,广州,3-4年经验,本科,招1人,   大数据开发分析,  上班地址：白云区,"1、 数据分析：通过各种数学建模对公司业务数据、市场数据及竞争对手数据等进行分析；定期以不同维度出具分析报告。,2、 数据框架设计：结合公司的业务现状设计适合公司的数学模型及BI报表；通过对基础数据的反推，得出要求，并提出数据收集方案，并推动技术优化，重构我司底层数据架构，推动多部门落实必要的数据收集。,3、 系统决策：结合1、2项工作内容，总结生成符合我司现状的专有模型体系；并进一步整合，将其优化成为决策的辅助系统，并设计相配套的决策数据分析流程，实现快速反应的自动化/半自动化决策。,,任职资格：,1、 在零售、电商、供应链等领域有丰富的数据分析经验，熟悉数学建模及常用建模工具，可独立完成模型选择、数据分析、报告   撰写等工作。,2、 对数据分析前沿方法有足够的好奇心和敏感度，敢于突破常规尝试新的方法，有强烈的学习愿望。,3、 逻辑清晰，思维灵活，敢于假设，不怕失败。,4、 也接受成绩优异的数学系、大数据分析、金融分析、统计等数理分析专业的硕士以上应届毕业生（可以无业界经验，但需要有扎实的理论基础；在学期间有与公司合作，负责过真实项目者优先）,,公司福利待遇：,1、没有常规的行政约束而以目标结果为导向的管理模式；,2、带薪休假：享有带薪休假，享受国家规定假期（法定假、婚假、产假等）；,3、公司注重员工的健康，提倡劳逸结合：员工每周四到运动场举行体育活动和聚餐，项目有：羽毛球、足球、乒乓球等；,4、职业生涯：完善的横向调岗及纵向晋升通道，优秀人才可获得合伙人资格，快速成为拥有股份的合伙人。,初级运营 （月收入4500） - 中级运营（月收入10000-15000）-高级运营（月收入15000-50000）- 品牌经理（月收入20000-150000）-总经理（合伙人 30%股份 年收入100万）,5、高级员工，包括经理级以上或特殊人才配单身公寓，与合伙人合作形式。,,,                                跨境电商被媒体誉为“含着金汤匙出身的行业”，文峰荟在这个全球经济的新风口，吸引了大量具有国际化视野的各专业领域人才加入，一起分享跨境电商行业红利。我们薪酬体制包括并不限于固定保底薪资+高提成+高分享+股票期权+合伙人，在行业当中最高的提成分享以及个人发展机会，欢迎追求卓越，以奋斗为荣的优秀人士与我们一起开拓创新，快速成长，引领风向。,,",http://www.wonfundgr.com,150-500人
诚聘销售数据分析员,广东椰泰生物科技有限公司,广州-番禺区,无工作经验,招3人,12-08发布'],   统计员,  上班地址：广州番禺钟村谢村第一工业区25号,"岗位职责：,1、负责销售数据的收集、整理、汇总,2、能独立分析数据，找出异常数据，并编制报表，形成报告,3、做好统计资料的归档以及更新,5、结合统计指标体系，完善和改进统计方法,任职资格：,1、熟练使用excel报表、函数，透视表处理数据,2、对数据敏感，有较好的逻辑思维能力，能独立撰写数据分析报告,3、有良好的团队合作精神,4、大专以上学历，统计学、数学相关专业、或1年以上从事过销售数据分析工作优先,上班时间：朝8晚6，中午休息2小时，月休4天,联系人：18922262597、陈生",http://www.bqdrink.com,150-500人
数据分析师,广东柯美利电力销售有限公司,广州-天河区,2年经验,本科,招1人,   业务分析经理主管,  上班地址：富力盈盛广场,"1、负责电力市场竞价交易策略研究；,2、结合售电业务特点，使用BI、Excle等工具建立分析模型，形成分析报表；,3、协助建立电力竞价交易策略研究量化分析模型，提供产品构建管理及交易策略建议，并不断优化模型和分析方法；,4、结合公司内部信息化建设参与数据迁移和整理工作，定时更新和维护数据报表；,5、参与部分业务平台的维护工作。,,任职资格：,1、研究生或以上学历，经济学、统计学或情报分析等相关专业；,2、热爱数据分析工作，有较强的分析能力，对数据敏感，思维逻辑清晰；,3、熟悉Excel和数据库脚本编写；,4、有良好的英语读写水平，能适应高强的工作节奏，具有良好的团队合作及人际沟通能力等；,5、本岗位工作地点在广州市天河区。",http://www.clearway.com,50-150人
数据分析师,广州乐欣母婴用品有限公司,广州-天河区,3-4年经验,大专,招1人,   业务分析专员助理,  上班地址：珠江新城珠江东路6号广州周大福金融中心（东塔）13楼,"<b>岗位职责：</b><b></b>,1、负责对销售数据收集、管理、应用工作，对接系统，对数据有业务敏感性，能及时进行总结分析,2、大区业绩达成的追踪、分析及改善方案的制订,3、回款、出货数据分析，按门店面积金额，货柜金额和占比、仪器占比，货品类结构深入分析,4、客户分销目标确认分析，进销存管理分析，规划客户月度分销目标及进度追踪,5、客户返单目标制定与分析,6、渠道优化，制定区域行销个案并推动、追踪、督导,7、负责各类销售报表的编制；向各部门提供数据支持,8、上级主管交代的工作事项,,<b>任职资格：</b><b></b>,1、本科或以上学历,2、两年以上加盟行业数据分析经验,3、熟练使用各种办公软件（特别是Word、Excel、PowerPoint、Visio等）。良好的学习能力，优秀的沟通协调能力和组织能力、优秀的文字及语言表达能力,4、诚实谨慎、细心，具有良好的沟通能力，富有创新精神和团队管理能力，有较强的追踪能力、数据处理和分析能力。,<b></b>",http://www.honey-lovely.com,150-500人
数据分析专员/主管,上海宝原体育用品商贸有限公司广州...,广州,2年经验,大专,招1人,   业务分析专员助理,  上班地址：广州市天河区体育东路138号金利来大厦903-906,"1、负责统筹分析业绩经营情况，每月定期出具各类分析报表；,2、负责经营分析组内日常报表制作、发布、分析、设计等工作；,3、根据公司经营政策，制定相应经营报告；,4、完成领导交代的其他工作。,,任职要求：,1、工作细心、对数字敏感，踏实，重视细节，良好的沟通组织协调以及理解能力；,2、具有极强的目标导向思维，逻辑思维能力强，执行力强；,3、能熟练操作EXCEL， 尤其需要熟悉SUMIF, COUNTIF, SUBTOTAL，VLOOKUP等函数及数据透视；,4、统计学、数学类、会计专业者优先考虑。",http://www.yysports.com,1000-5000人
数据分析员,广州市羽涵茜服饰有限公司,广州-荔湾区,1年经验,招2人,12-08发布'],   产品专员,  上班地址：石围塘塞坝口岭海街9号,"1. 对公司商品企划有深刻理解，确保采销平衡，加快商品流转率与快时尚为大前提。,2. 按照商品策划要求，管理每个SKU的生命周期，并执行区域间的补货管理与库存管理。,3. 并对流转率低的商品提起预警。确保在每个SKU销售周期结束前库存清零。,4. 负责畅销品订货的采销协调和跟踪，协调采销方对滞销品诊断发起。,5. 审核与下发新品培训资料与陈列资料。,6. 审核与下发滞销品销售方案。,7. 采购和销售指标的制定和跟踪。,任职资格：,1、大专或以上学历，有专业的零售数据分析能力；,2、懂得消费者购买心理，具有优秀的理解能力，反应能力，沟通能力，组织能力;,3、工作中自觉且高效，细心、团队意识强;,4、对公司整体销售情况进行数据分析，适时适量调配货品结构与数量，提出营销方案和折扣调整合理化建议;",http://www.th2011.com,150-500人
数据分析经理,广州市钱大妈农产品有限公司,广州-白云区,5-7年经验,本科,招1人,   业务分析经理主管,  上班地址：广州市白云区石井镇广海路180号5号门凯翔物流综合楼7楼,"职责描述：1.和业务部门对接数据需求，通过沟通和交流，形成数据产品解决方案； 2.深入思考业务场景，构建业务线特征的整体指标体系，帮助业务监控并且定位问题； 3.配合数据开发进行数据建模； 4.寻找如何用数据驱动业务，形成固化报表，提升数据支持运营能力； 5.满足业务方部分临时数据需求的提取，为后续固化报表及数据产品做准备； 6.对目标用户进行培训推广报表的使用； 7.数据产品平台功能的优化、权限的管理设计、控制。任职要求：1.喜欢深度思考，愿意挖掘事物背后潜藏的本质； 2.对数据如何驱动业务有一定的思考 ； 3.喜欢通过数据发掘业务中存在的问题点和机会 ； 4.具备良好的业务理解能力、逻辑思维能力、表达能力 ； 5.工作态度认真，喜欢主动交流，主动寻求问题的解决方案 ； 6、本科以上学历，数学、统计学、计算机相关专业更好 ； 7.必备工具SQL EXCEL,熟悉相关工具：axure、xmind等 ； 8.有零售、电商业务背景更优。",http://www.qdama.cn,1000-5000人
银行参数文员-系统数据分析录入调整,成都三泰控股集团股份有限公司,广州-越秀区,无工作经验,大专,招12人,   业务跟单,  上班地址：农林下路广发银行总行,",广发银行单证中心参数岗  岗位要求：         （1）年龄：21-30周岁，男女不限；         （2）要求全日制专科及以上，良好的英语基础优先 ；         （3）能吃苦耐劳，熟练使用office办公软件；         （4）有较强的责任心、品质良好、身体健康、无不良嗜好等；         （5）有相关银行从业经验者或外贸工作经验者优先考虑，          岗位职责：,        （1）对各分行提交上的业务参数、系统参数进行录入和调整        ,（2）维护处室内部各岗位的操作权限。,,  ,上班时间：周一至周五9：00-18：00，周六日双休。,员工福利：购买五险一金。          入职满1年员工享有带薪年休假，端午、中秋和春节等节日享有节日福利  薪资待遇： 3000-5100元  工作地址：广州市越秀区农林下路广发银行总行（地铁站区庄站B2出口）,,",http://www.isantai.com/,10000人以上
数据分析师 BI,韩国瓷肌中国区公司,广州-天河区,2年经验,大专,招若干人,   数据库工程师管理员,  上班地址：天河区珠江新城华夏路30号富力盈通大厦17楼,"1．对公司日常运营数据进行有效分析，并形成报告文档,,2．对网站的流量进行统计和分析，推广效果跟踪、评估、根据统计分析报表，及时提出网络推广改进建议,,3．负责项目的需求调研、数据收集、整理和分析，为产品、运营、业务部门提供数据报告和改进建议,,4．完善数据报表体系，及时准确监控运营状况，并提供专业分析报告。,任职要求：,1．两年以上媒体网站、电商网站、网络营销数据分析岗位相关工作经历， 有电商平台工作经历优先考虑。,2．对数据库具备一定基础知识，能够独自进行数据库SQL脚本的开发、测试和部署操作。,3．有一定的数据统计和数据挖掘专业知识，具备利用数据分析问题、解决问题的能力。 ,4．熟练使用各种办公软件，如PPT、EXCEL等，能独立撰写数据分析报告,5．需具备良好的沟通、理解与语言表达能力。",http://www.chinaskin.cn,500-1000人
数据分析主管,广州贝壳科技服务有限公司,广州-越秀区,3-4年经验,本科,招1人,   业务分析经理主管,  上班地址：广州市越秀区农林下路5号亿达大厦,"1.负责线上流量、商机数据的分析，为商机留存提供数据决策支持；,2.监控线上推广的渠道投放、市场推广、活动策划等项目的情况，并提供数据支持，提升投放资源效率；,3.线上客户转化及成交情况的数据监控及分析，进行转化情况分析，为提升成交转化提供支持；,4.城市行业市场研究（宏观环境、行业市场、竞争环境、加盟竞品等）,,任职要求：,1、数学、统计学、数量经济学、计算机、营销学等相关专业，全日制本科以上学历，三年以上相关工作经验，有团队管理经验；,2、熟练操作EXCEL（常规函数、数据透视表、图标制作等），可以用PPT撰写分析报告；,3、熟悉掌握MY-SQL、SQLServer等数据库，会用SAS/SPSS/R等分析工具进行数据分析，熟悉统计分析、数据挖掘相关算法；,4、拥有良好的跨部门沟通能力和业务理解能力，具有较强的数据敏感度和逻辑推理能力，善于从商业角度解读数据，推动数据分析结果落地，有互联网行业应用经验者优先。",http://www.ke.com,10000人以上
数据分析师,广东艾希兰品牌管理有限公司,广州-白云区,1年经验,大专,招1人,   数据库工程师管理员,  上班地址：广东省广州市白云区新市连元大厦811,"1、常规数据监控及定向数据分析，有能力搭建公司的整体经营数据模型；,2、用户画像体系搭建，挖掘客户服务和交易数据，针对问题通过数据分析报告，为运营解决问题提供数据支持；,3、线上活动效果分析，优化活动效果；,4、至少1年以上数据处理,数据分析等相关经验；,5、熟悉相关挖掘算法，掌握主流数据分析方法,6、掌握至少一种数据挖掘工具，精通SQL语句，熟悉互联网业务指标数据体系搭建和常用业务分析方法，能独立完成专项分析报表,【能力强者，有机会晋升成为整个增长团队的负责人】",http://www.160shop.com,少于50人
高级数据分析工程师,广州市高奈特网络科技有限公司,广州-荔湾区,5-7年经验,本科,招1人,   大数据开发分析,  上班地址：浣花路109号东鹏德宝商务中心10层,"岗位职责：,1.根据行业、项目、客户的实际情况，提炼业务需求，梳理底层数据，完成数据的融合、清洗、分析、建模等工作，高效地解决实际问题；,2.社会治理领域的大数据探索和创新，包括数据集成、挖掘算法、产品设计和可视化展现等方向，不断提升该领域的大数据应用能力。,,岗位要求：,1.硕士及以上学历（或本科学历+3年以上相关工作经验），统计、数学、计算机等相关专业；,2.熟练掌握SQL（有Hadoop生态使用经验优先），掌握数据挖掘相关的编程语言；,3.对数据及业务有敏感度，具备优秀的数据分析或数据挖掘技能，能够设计创新而实际的分析建模方法以解决复杂的业务问题（熟悉互联网安全或公共安全业务优先）；,4.心态积极向上，乐于面对挑战；,5.有团队管理能力优先。,,加入我们，你能享受到以下福利：,1、工作时间：行政班时间，周末双休必须的；,2、入职马上购买五险一金，基数按照薪资全额购买；,3、生日、结婚、生子贺金送上；,4、端午、中秋、生日礼品奉上，38***朋友还有半天假；,5、出差享受额外补贴，一线城市最高100/天津贴，住宿、交通公司全包；,6、公司实行阶梯式绩效考核，技术层级从T1-T9，职位晋升、年终奖不再是梦。只要你想突破，我们等你来挑战；,7、年度体检让你对健康情况一目了然；,8、周度体育活动、月度生日会、季度拓展活动、年终年会让你不仅忙得充实，还玩得开心；,9、公司设立成长学社，讲师团队等着你的加入，一起成为金牌讲师！",http://www.govnet.com.cn,150-500人
数据分析师(五险一金）,广州市诚美涂饰工程有限公司,广州-黄埔区,无工作经验,本科,招1人,   大数据开发分析,  上班地址：广州市科学大道50号绿地中央广场A3栋1705-1709单元," , ,员工福利：六天工作制；五险一金入职即购，每周豪华团建，公租房、入户广州、人才引进（本科2W）、CM集团买地建房；免费读中山MBA；国内外旅游,员工福利：六天工作制；五险一金入职即购，每周豪华团建，公租房、入户广州、人才引进（本科2W）、CM集团买地建房；免费读中山MBA；国内外旅游, , ,1.通过数据驱动业务为目标，为管理层和业务层提供决策支持；,2.根据业务部门的客户上线情况、消耗完成等数据指标进行整合汇总、综合分析，建立相应数据分析报表，按时向上司汇报，提供准确的分析报告；,3.参与业务部门临时数据分析需求的调研、分析，及时发现业务开展过程中出现的问题，为业务发展提供改进建议及决策支持；,4.熟悉公司运作，对各部门的数据统计分析工作给予支持配合，协调开展与业务相关的工作事项；,5.完整统计数据，按时更新，建立数据库，并挖掘利用，提交工作相关计划、总结。,6.负责在项目推进过程中的跨部门协调沟通工作，能够协调各资源以确保产品顺利发展；,7.跟踪大数据应用市场动向，市场竞争对手分析，及时调整市场策略，创新产品应用。, ,任职资格：,1.本科及以上学历，数学、计算机或统计等专业优先，有电商公司数据分析经验优先；,2.熟练使用办公软件（Excel，Powerpoint）以及专业数据分析软件；,3.具备很好的逻辑思维能力和文档编写能力，能发现事情的本质，做事认真严谨，对数据敏感，具备较强分析加工能力；工作主动性强，有责任心，良好的团队合作精神，积极上进，并具备良好的学习能力。",http://www.gz-cm.com,150-500人
数据分析师,广州谷城集团有限公司,广州-白云区,2年经验,大专,招1人,   数据库工程师管理员,  上班地址：东平大道1号东泰大厦8-9楼,"岗位职责：,1、统计集团医疗相关数据分析，进行分析和整理研究报告；,2、数据统计，处理，核对，数据的统计报表制作；,3、提供数据分析报告，从数据上发现问题给出优化建议。,,任职要求：,1、大专以上学历，数学、统计学、财务会计相关专业；,2、一年以上数据分析经验；,3、精通excel操作，熟练运用宏、函数和数据透视表；,4、具备数据分析能力，逻辑思维能力、执行能力和沟通能力；,5、工作态度：积极主动、工作认真、工作严谨；,,福利待遇：,1.工作时间：五天七小时工作制 (子公司根据实际情况有所调整)。,2.带薪休假：员工依法享有婚假、产假、丧假；转正员工可享受带薪事假及带薪病假；工作满一年的员工享有带薪年休假。,3.社会保险：购买养老、工伤、失业、生育、医疗(含重大疾病)五险，购买公积金。,4.工作餐：免费提供早、午、晚三餐。,5.每年为员工组织进行一次免费体检。,6.文体活动：不定时举办员工聚餐、节日晚会、趣味运动会等。,7.礼金：过节费（端午、中秋、妇女节）、结婚贺金，住院慰问金、抚恤金。,8.年终奖：年终视公司经营绩效，并结合员工本人实际绩效核发年终奖。,9.其他：员工在集团下属医院治病，自费费用部分可享受内部优惠。,,乘车路线：,1、天河方向：可乘坐地铁3号线至永泰站B2出入口下，往前走（约110米）到永泰新村站（同泰路）转乘833至东平村口站下车，过马路即到。,2、荔湾方向：可搭乘地铁1号线到农讲所站C出入口下，走到农讲所总站转乘76路A至东平村口站下即可；,3、番禺方向：可搭乘地铁3号线至嘉禾望岗站A出入口下，走（约120米）到地铁嘉禾望岗站转乘734、659、656、799到东平村口站下即可。,4、其他：可乘坐529、563、656、659、701、734、833、984、76A、到东平村口站下即可。,5、2018年底地铁14号线将开通，公司位于东平站1分钟距离，距离嘉禾望岗地铁站1个站。,,工作地址广州市白云区永平街东平大道1号东泰大厦8-9楼",http://www.guchenggroup.com/,1000-5000人
交付数据分析主管,广州小鹏汽车科技有限公司,广州-天河区,5-7年经验,本科,招2人,   业务分析经理主管,  上班地址：广州市 天河区 岑村松岗大街8号 广州小鹏汽车科技有限公司,"主要工作职责：,1、交付策略制定；,2、交付计划制定；,3、交付进度分析；,4、进销存分析；,5、交付效率分析、考核、优化；,,任职条件：,1、具有本科及以上的学历；,2、至少有5年以上与销售策略、销售计划管理相关的工作经验；,3、熟悉汽车行业零售管理流程，有新能源汽车行业经验优先；,4、能够进行数据建模；,5、对数据敏感，有缜密的逻辑思维能力。",http://www.xiaopeng.com,1000-5000人
数据分析专员,广州市鑫翔贸易有限公司,广州-天河区,无工作经验,大专,招1人,   市场分析调研人员,  上班地址：广州市天河区珠江新城华夏路28号富力盈信大厦2801室,"岗位职责:,1、负责天猫店日常运营维护和管理；,2、负责天猫店日常对账单、报表类的制作，销售数据和财务数据分析；,3、负责天猫店异常数据预警和解决建议；,4、负责天猫店爆款数据监控和后期维护工作；,5、结合电商平台消费品行业特点，进行行业市场分析与竞品分析，提出针对消费者的精准营销方向和策略；,6、根据电商平台业务需求，完成专题性数据分析挖掘项目，形成报告和结论；,7、了解电商平台营销活动，负责营销活动的数据提取、分析与效果评估；,8、有专业的数据分析报告写作经验等优先考虑。,,任职资格:,1、1年以上工作经验，电商、日化快消行业优先；,2、熟悉数据分析，理科专业、计算机专业、市场营销类专业优先；,3、熟练使用MicrosoftOffice，特别是Excel的公式/数据透视的使用；,4、热爱线上购物，熟悉电商购买流程，了解消费者触点；,5、有较强的数据敏感度，具备良好的逻辑分析、沟通协调、文字表达能力。,,可接受年后上岗！！！",http://www.runben.com,150-500人
数据分析专员（app运营）,上海益玩网络科技有限公司广州分公司,广州,1年经验,大专,招1人,   产品专员,  上班地址：广州市天河区黄埔大道中路336号御发商务中心2楼,"岗位职责：,1、策划平台APP的推广方案。,2、对推广的效果进行数据分析。,3、通过数据分析优化推广方案。,4、推动各个部门落地执行方案。,5、定期进行数据报告。,岗位要求：,1、了解主流的推广方式和推广渠道。,2、了解游戏市场，对市场敏感，热爱游戏。,3、沟通表达能力较好。,4、性格开朗，积极向上，有健康的兴趣爱好。 ,5、2年以上相关工作经验。",http://www.ewan.cn/,150-500人
数据分析师（上市集团+双休）,广州市时代邻里邦网络科技有限公司,广州-越秀区,1年经验,本科,招1人,   网站运营专员,  上班地址：越秀区东风中路410号时代地产中心1101-02,"工作职责,1、负责社区业务数据分析模块的经营分析及研究，从而提升业务转化效率；,2、挖掘业务流程痛点，协调公司资源进行流程改进，从而提升整体运营效率；,3、结合运营需求，进行关键项目的孵化、管理及推动落地工作；,4、负责设计研发提升业务作业及管理效率的工具产品，并推动其在运营落地使用；,5、通过与运营、业务、产品等各个部门的沟通、协助，整合公司各项资源，推进公司重点业务工作优化落地；,6、规范业务场景，并提供标准化的支持，进而搭建运营中心的知识管理体系；,7、辅助部门leader，逐渐完善数据分析工作的作业标准。,,任职资格,1、统招本科及以上学历，应用数学、统计学、市场营销类专业，1年以上相关工作经验；,2、工具基础良好，熟练掌握excel、PPT、SQL等分析类工具；,3、良好的数据敏感度，能够独立进行产品运营相关业务分析、报告撰写等工作；,4、有报告演讲、跨部门沟通、培训能力，有解决复杂业务需求的思维和用数据驱动业务落地的能力；,5、【加分项】有社区服务、咨询公司工作经验，有数据服务类公司的数据分析经验、对数据驱动业务增长有独到见解。",http://www.linli580.com.cn/,150-500人
商品数据分析员,广州市佛伦斯服饰有限公司,广州,1年经验,大专,招1人,   统计员,  上班地址：广州市天河区珠江新城珠江西路10号高德置地广场C塔20楼,"岗位职责：,1、对数据进行采集，按时提取日、周、月报数据，做出对比分析；,2、对销售数据趋势的列举及有效的分析，为商品分配、补货和调货提供有效建议；,3、对新品上市后，跟踪销售分析以及后期市场需求预测,4、将有关分析数据整合，及时向公司领导及有关部门上报,,任职要求：,1、 大专或以上学历，统计学相关专业优先；,2、 至少3年以上服装行业数据分析经验，有服装行业经验优先；,3、 对数据敏感，熟悉excel各类函数公式运用，有较强的数据分析和预测能力；,4、 熟悉服装行业货品管理知识，熟悉货品上市流程。",http://www.folunsi.com,500-1000人
数据分析师,广东快乐种子科技有限公司,广州-越秀区,1年经验,大专,招若干人,   大数据开发分析,  上班地址：广州市越秀区环市东路403号国际电子大厦3楼,"1、梳理业务部门业务对项目以及运营与推广的业务需求，制定数据报表；,2、挖掘数据背后的市场方向、规律、短板，为业务提供决策依据；,3、针对具体的业务事件，研究业务开拓中的局限性或亮点，进行数据分析并提出优化方案或提炼可复制的模板；,4、针对公司关键指标以及运营各业务线输出专项分析报告，及时发现问题,为项目、运营决策、用户营销、渠道推广优化等提供决策支持和优化方向；,5、分析运营与推广需求，固化常规数据报表，提升数据支持运营与推广的能力；,6、数据研究与分析，通过挖掘数据的内在关系，发现运营与推广中的问题，并推动问题的解决；,7、满足业务方对数据的各类取、过滤、分析等需求；,,职位要求：,1、数学、经济学、统计学、计算机、数据处理高度相关专业，至少1年以上互联网行业或教育行业数据分析工作经验；,2、具有较强结构化思维、逻辑思维能力，优异的学习能力；,3、对数据敏感，具备优秀的信息整合和分析能力，能够形成清晰的业务观点和前瞻判断，了解互联网常用的数据分析方法和思路。,4、熟练使用数据处理软件，MYSQL/SQL，熟悉使用（Excel、SPSS、Python、R，SAS） 等任一统计分析工具；",https://www.vipthink.cn/,150-500人
价格分析专员（数据分析）,广州好莱客创意家居股份有限公司,广州,1年经验,大专,招1人,   成本管理员,  上班地址：天河区科韵路20号3楼,"一、岗位职责：,1、价格维护，核算新产品的标准成本，核算建议价格，制定报价流程，监控价格波动，价格档案归集；,2、调研公司产品在市场上的主流竞争对手的定价情况；,3、关注重点材料的采购价格和市场价格情况，及时提出价格修改的策略；,4、完成上级领导布置的其他工作相关工作。,,二、任职要求：,1、大专或以上学历，财务会计、统计学等相关专业；,2、1-3年相关工作经验，有一定的成本结构分析能力的优先考虑；,3、具备良好的协调沟通能力及熟练用OFFICE 。",http://www.holike.com,1000-5000人
销售数据分析,联想中望系统服务有限公司（现越亮...,广州,1年经验,大专,招1人,   业务分析专员助理,  上班地址：广州市天河北路898号信源大厦307-309室,",岗位职责：,1、负责相关业务数据统计整理及运营数据分析、报表输出（日报、周报、月报）；,2、负责营销活动数据统计分析及报告输出；,3、监察采集竞争对手信息数据，定时提交同行分析报告；,4、提取和制作周期数据制作成图表，推进运营指标改善；,5、其他临时数据分析需求的调研、分析及实现；, ,岗位要求：,1、专科或以上学历，统计等相关专业优先，1年及以上工作经验优先；,2、精通office相关软件，能够用word、Excel、PPT实现工作中所有需求。善于使用EXCEL制作图表，熟悉数据库基本操作；,3、对数字敏感，思维清晰而有条理，具备良好的口头表达能力和较强的沟通协调能力；,4、熟悉互联网行业务数据分析，有互联网从业经验。,",http://www.hvgroup.com.cn,500-1000人
存货数据分析组长,骆驼服饰,广州-白云区,3-4年经验,大专,招1人,   大数据开发分析,  上班地址：石槎路396号,"1.分析存货已有情况以及周转情况，提高存货周转效率；,,<b>骆驼的品牌历程</b>,2000年，筹建中国市场推广中心与国际市场运营部，立志抢滩市场，大展宏图,2003年，首家CAMEL骆驼北京专卖店开业,2009年，骆驼开始进军电子商务，淘宝骆驼首家店铺开业,2011年，“双十一”骆驼成就日销5千万奇迹，居淘宝全网第二，男鞋类第一！,        广东优秀门店竞赛，骆驼荣获十佳连锁经营企业,2012年，骆驼发展到拥有3600多家线下实体店、专柜，全面覆盖一二级城市,       “双十一”大促，骆驼品牌创下单日销量上亿元的骄人战绩,2013年11月“双十一”， 骆驼整体3.8亿单品牌销售佳绩，创造了骆驼男鞋、骆驼户外、骆驼女鞋3项全网第一的电商神话,2014年11月“双十一”，骆驼再创4.2亿辉煌，连续四年骆驼品牌服饰类目、男鞋、骆驼户外第一,2015年11月“双十一”，骆驼整体销售额4.12亿，连续五年鞋服品牌冠军,2016年11月“双十一”，骆驼品牌5.02亿，连续六年斩获鞋服品牌冠军,2017年11月“双十一”，骆驼品牌蝉联鞋服七年冠。, ,<b>品牌理念</b>,倡导自由随心主义风潮的传奇品牌“CAMEL骆驼”，是世界最伟大设计师自然的神来之笔，充满西沙漫舞的浪漫迷情遐想，将漫途探索转换为生活节奏的轻松格调，以及品牌彻底回归衣着鞋履“舒适本能”的执着精神，使“CAMEL骆驼”兼具自由与浪漫的混合气质，注定了他风华绝代的时尚传奇。, ,<b>福利待遇</b>,具有竞争力的宽带薪酬体系,良好的职业发展通道，灵活的内部晋升调岗机制,完善的培训体系（例骆人新兵班，骆人训练营，优秀者可享有专业培训机构外训等）,公众假期、带薪年假/婚假/丧假,客服/物流部分岗位提供住宿（均为小区配套住房）,公司接驳车上下班在地铁站接送员工,工龄奖、年度评优奖励,专属节日惊喜（如元宵节、妇女节、情人节、圣诞节、冬至等节日），每人享有的员工生日礼物惊喜和定期的生日会,丰富多彩的娱乐休闲活动（如业余兴趣班、田径运动会、拓展训练等）,独具人文关怀的骆人企业文化活动（如家庭参观日、家属慰问拜访等）,优秀骨干专属的国内外旅游奖励 ；优秀员工享有定期的省内外旅游, ,开心工作快乐生活的工作理念；团结向上一家亲的骆人文化；激情壮志向前冲的骆军精神,加入我们的团队，携手共进，共赢电子商务美好明天。, ,我司现在诚聘，欢迎准备加入我们团队的成员，只要热爱电子商务，对工作细心，吃苦耐劳，诚恳塌实，有敬业精神，有良好的责任心的同仁都可加入！",http://luotuo.tmall.com/,1000-5000人
大数据分析师,泉后（上海）生物科技有限公司,广州-白云区,3-4年经验,大专,招若干人,   数据库工程师管理员,  上班地址：永泰学山文化创意谷A区1号门（泉后集团 季泉）,"1.能利用数据分析手段，对多种数据源的进行深度诊断性组合分析、挖掘、深度分析，并通过分析潜在业务机会给出建议；,2.对海量数据进行挖掘，发现其潜在关系，为公司运营决策、产品方向、销售策略提供数据支持及建议；,3.配合业务部门的项目给予数据支持，或负责及参与跨部门等大型项目的推进获得结果；,4.通过大数据挖掘用户群体行为和属性特征，帮助业务更好的理解客户；,岗位要求：,1、大专以上学历、数据及统计相关专业；,2、至少两年以上数据及统计管理工作经验；,3、抗压能力强，服务意识强；,,联系人：刘小姐,电话： 020-31235497 手机：18620662793 邮箱：hyjq_hr@163.com,公司地址：广州白云区永泰学山文化创意谷A区1号门绿色大楼（泉后集团 季泉）",http://www.jiquanw.cn/,500-1000人
大数据分析师,广州季泉化妆品有限公司,广州-白云区,3-4年经验,大专,招1人,   数据库工程师管理员,  上班地址：永泰学山文化创意谷A区1号门（泉后集团   季泉）,"1.能利用数据分析手段，对多种数据源的进行深度诊断性组合分析、挖掘、深度分析，并通过分析潜在业务机会给出建议；,2.对海量数据进行挖掘，发现其潜在关系，为公司运营决策、产品方向、销售策略提供数据支持及建议；,3.配合业务部门的项目给予数据支持，或负责及参与跨部门等大型项目的推进获得结果；,4.通过大数据挖掘用户群体行为和属性特征，帮助业务更好的理解客户；,岗位要求：,1、大专以上学历、数据及统计相关专业；,2、至少两年以上数据及统计管理工作经验；,3、抗压能力强，服务意识强；,,联系人：刘小姐,电话： 020-31235497  手机：18620662793  邮箱：hyjq_hr@163.com,公司地址：广州白云区永泰学山文化创意谷A区1号门绿色大楼（泉后集团 季泉）,",http://www.jiquanw.cn/,500-1000人
广州分部--运营数据分析员,上海网达软件股份有限公司,广州-天河区,1年经验,大专,招1人,   大数据开发分析,  上班地址：珠江西路5号广州国际金融中心11楼,",,<b></b><i></i>",http://www.wondertek.com.cn;公司微信号：wangdaruanjian,500-1000人
招聘主管（面试官培养/数据分析方向）,广东国利信息网络有限公司,广州-天河区,2年经验,本科,招1人,   招聘专员助理,  上班地址：广州市天河区黄埔大道中315号羊城创意园内自编1-18酷狗音乐,"岗位职责：,1、负责面试工具和流程研究和优化；,,,,<strong>工作/面试地址：</strong>,天河区黄埔大道中315号羊城创意内，酷狗音乐公司总部,工作时间：9：30~18：30，周末双休，法定假期休息,其他福利：提供早餐、午餐、雪糕零食随便吃、自助下午茶、每月团建、年会、开门利是、职位晋升，优美办公环境等,",http://www.95100.com.cn,500-1000人
供应链数据分析师,名创优品（广州）有限责任公司,广州-荔湾区,3-4年经验,本科,招1人,   供应链主管专员,  上班地址：康王中路486号和业广场,"1、集团各品牌需求主数据接收/分析/分解/匹配,2、根据供应商资源做年度/季度需求目标规划,3、对年度/季度/月度目标实际完成情况进行数据监控与调整优化建议,4、对接供应链管理组对目标分解及达成        ",http://www.miniso.cn,10000人以上
数据分析师,广州生活无忧百货有限公司,广州-番禺区,5-7年经验,大专,招1人,   市场分析调研人员,  上班地址：广州番禺区洛溪新城北环路88号渔人码头1号门 D座二楼,"岗位职责：,1、根据公司业务的需要完善各项数据统计，负责制作数据分析模板和模型构建；,2、负责公司销售数据分析，出具相应的销售分析报告；,3、针对单店销售Top100大的货品进行分析，并能做出有效补充货品与跟进；,任职条件：,1、大专及以上学历，数据分析及相关专业毕业；,2、熟悉各类型数据分析软件操作；,3、敏锐的数据触觉，优秀的抗压能力及逻辑思维分析能力；,4、4年以上相关行业经验。",http://www.shwy.com,150-500人
储备数据分析师,广州莲花购电子商务有限公司,广州,无工作经验,本科,招若干人,   储备干部,  上班地址：三元里大道268号宏泰大厦19楼,"      卜蜂莲花零售管理精英项目（Retail Management Training）隶属正大企业大学多条专业人才培养通道之一，正大企业大学多年来为企业培养了许多青年管理者，并且是正大集团可持续发展输送重要高潜质人才储备的通道。零售管理精英项目制定了专属的零售经营管理培训，并为不同方向的学员制定了清晰的职业生涯规划。,岗位培养目标：,经过岗位能力体系培养，训练形成商业分析能力“界定问题--设计分析方案--数据收集处理--解释结果--汇报”，达到独立解决以下问题的要求：,1、业务的体检诊断方案：,①通过零售业人货场、商品进销存、财务状况等各运营环节经营现状的分析，得出业务运营健康程度诊断报告；,②与各相关部门，完善迭代诊断报告的维度、指标选取以及指标标准值。迭代完成后，交由IT转化成周期性报表，持续监控；,③因应公司业务发展，拓展细化业务切分维度，设计新的业务指标及标准值，挖掘发现先见性指标，实现事后诊断到事前预测，提前预防某些业务问题出现。,2、业务问题的解决方案提议：,①多业态的品类模型及PB商品开发建议；,②品类迭代优化方向；,③不同业务场景下精准营销的“人--商品”匹配方案设计；,3、伴随公司业务发展，分析新商业问题，摸索新维度的业务分析套路，完善现有的零售分析系统。,,岗位能力知识体系建设：,1、体系化的业务分析环节训练：界定问题--设计分析方案--数据收集处理--解释结果--汇报；,2、形成复杂商业问题的拆解能力，以及掌握零售业、商业常用分析框架；,3、打造运用数据讲故事，结构化思考汇报的技能；掌握商务图表及商务PPT制作；,4、持续的思维迭代升级：警惕常见而不自知的思维谬误，加深思考深度，提高做事的效能；,5、零售业业务知识。,,岗位要求：,1、2019届本科应届毕业生，硕士、MBA优先考虑；,2、统计学、应用数学、商业分析、信息技术科学（偏数学统计建模方向）等专业，能运用SQL清洗处理大批量数据及使用常见统计软件得出数据指标结果；,3、具备解决复杂问题的潜在能力，对商业现象常怀好奇心，并能深究学习。",http://www.cplotus.com/,150-500人
商品企划专员（数据分析）,广州迪柯尼服饰股份有限公司,广州-天河区,无工作经验,本科,招2人,   业务分析专员助理,  上班地址：珠江新城临江大道5号保利中心13楼,,http://www.dikeni.com,1000-5000人
数据分析师,广州市华誉电脑系统有限公司,广州-白云区,无工作经验,中专,招若干人,   系统分析员,  上班地址：广州市白云区远景路穗景大厦C座3楼3G,"岗位职责：,1、在项目负责人领导下开展工作；,2、根据项目建设要求，对各类数据进行处理。,,任职要求：,    ,1.  数据库维护管理和数据处理流程优化,  ,2.  有较强的数据分析能力，从数据中发现问题,  ,3.  熟悉Sql Server日常操作和管理，熟练PYTHON等分析软件更佳，会按需求写工具,  ,4.  根据业务要求对数据库数据进行搜索、处理和交付,  ,5.  好学上进，耐心细致，有责任心；工作勤奋，善于思考问题；有时间观念，独立性强，具有团队合作精神,  ,,工作时间：,1、每周五天、每天7.5小时工作时间；,2、周末双休 + 按国家标准休节假日。,,福利待遇：,1、提供五险一金，年终奖。,2、满一年可享受带薪年假。,3、每年全体员工出游。,4、国家法定节日正常休息，双休，8小时工作制，节假日正常休假。",http://www.welltitled.com,50-150人
高级数据分析师（五险一金）,广州潮靓化妆品有限公司,广州-白云区,3-4年经验,大专,招2人,   大数据开发分析,  上班地址：广州白云区同和地铁D出口—天健创意园1栋207,"工作内容：,1、负责项目的需求调研、数据分析、商业分析和数据挖掘模型等，通过对用户的行为进行分析了解用户的需求；,2、参与业务部门临时数据分析需求的调研、分析及实现；,3、参与数据挖掘模型的构建、维护、部署和评估；,4、整理编写商业数据分析报告，及时发现和分析其中隐含的变化和问题，为业务发展提供决策支持；,5、对产品部门下的运营，产品，研发，市场销售等各方面的数据分析，处理和研究的工作需求。,,岗位要求：,1、有很好的分析能力和报告展示能力，有很好商业嗅觉；,2、熟练使用SQL/SAS，熟悉至少两种数据库软件，如：oracle、mysql、sql server等；,3、3年以上数据分析工作经验；,4、严密的逻辑分析能力和良好的文档写作能力、较强的团队沟通协调能力,",http://www.citycolor.com.cn/contact/groupbck.aspx,150-500人
数据分析师,三盟科技股份有限公司,广州-海珠区,3-4年经验,本科,招若干人,   其他,  上班地址：琶洲新村11栋31-32楼（万胜围地铁站D出口）,"<b>1、参与大数据相关产品需求分析；</b>,<b>2、参与大数据相关产品算法设计和算法实现。</b>,<b>3、参与制定数据分析流程，组织公司内训等。</b>,<b></b>,<b>任职要求：</b>,<b>1、应用数学、统计学、计算机等相关专业本科及以上学历</b>,<b>2、熟悉统计分析方法，掌握常用的数据挖掘算法，了解大数据分析常用模型，对机器学习，深度学习有一定了解。</b>,<b>3、掌握可视化辅助工具如 office,Xmind 等</b>,<b>4、熟悉Hadoop、Spark等大数据大数据处理框架， 熟悉Sql语法，具备数据库使用经验。</b>,<b>5、掌握一种以上数据挖掘工具，如 Python，R，SPSS等</b>,<b>6、具备一定的文案撰写能力，能把复杂的算法思路用通俗的方式传递给客户。</b>",http://www.sunmnet.com/,150-500人
数据分析师,广东方纬科技有限公司,广州-番禺区,无工作经验,本科,招若干人,   大数据开发分析,  上班地址：大学城青蓝街22号A区8楼,"岗位职责,1、参与大数据挖掘的需求分析；,2、负责大数据分析模型的设计，以及算法的设计、实现、评估。,,岗位要求,1、本科及以上学历，2年以上数据建模及数据分析经验；,2、熟悉常用的数据挖掘算法、常用的分析模型；,3、熟悉常用的数据库系统及结构化查询语言；,4、有大数据分析经验、熟悉大数据处理技术（MapReduce、Spark等）、熟悉Python、Java开发者优先；,5、有智慧城市、智能交通、物联网等数据分析经验者优先。",http://www.fundway.net,150-500人
数据分析师,广东壹鼎教育投资发展有限公司,广州,无工作经验,招1人,12-09发布'],   大数据开发分析,  上班地址：天河北龙口西路100号中明大厦502,"工作职责：,1.、根据工作项目反馈，开发数据收集计划，收集来自合作企业业务或人力资源和财务系统的数据；按时完成各项人力资源报表的统计、复核、分析工作，为企业评估提供数据支持；对报表的异常数据，进行问题追踪校对，并提出解决方案；,2、不断优化和整改日常报表模板及数据分析方法，协助业务部门进行流程的优化与改进，收集合作企业数据，进行分类汇总储备，并建立数据库；使用统计和数据挖掘工具对收集的数据进行整理挖掘，找出关键因素并加以应用；,            ,3、分析合作相关大数据，定期提交分析报告，为决策提供参考依据；开展跨部门合作，进行数据优化等相关项目；,4.完成上级领导安排的事情。,,任职条件：,1、全日制本科及以上学历，统计、数学、计算机、信息技术等理科专业背景者优先；,2、一年及以上数据分析工作经验；,3、良好的数据敏感度，能从海量数据提炼核心结果，具备独立编写数据分析报告的能力；,                ,4、具备较强的沟通能力，逻辑思维能力，团队协作能力，为人耐心细致，责任心强。,5、有做过人力资源工作经验的可以优先考虑，可***工作。,,团队年轻、BOSS开明、CBD办公、环境清爽---多元化的壹鼎期待您的到来！,交通便利、就餐多样、开放办公、活动多多---崛起中的壹鼎等待您的加入！,工作氛围温馨、人性化管理、晋升空间广--现代化的壹鼎邀请与你同行！, ,公司地址：广州市天河区龙口西路100号中明大厦502房,出行路线：①地铁三号线“岗顶站”A出口，步行5分钟即到；,②百度导航“中明大厦”或 BRT岗顶站，步行5分钟即到。",http://www.gdyd-edu.cn,50-150人
商品数据分析,广州尚谷商贸有限公司,广州-番禺区,3-4年经验,大专,招1人,   其他,  上班地址：巨大创业产业园18栋603 （地铁2号线会江站出口即到）,"1、商品数据采集工作，制作日报/周报/月报/季报等常规性销售分析报表；,2、分析单店、单品类商品运转情况；,2、商品销售的即时跟踪及后期生命期的分析；,3、根据商品销售情况，与营运部共同制定合理的线下促销推广案、新品上市推广案、大型节假日促销专案、清货方案，并对方案效果进行评估；,4、各类数据分析模板的开发与推广。,,任职要求：,1、大专以上学历，统计学及相关专业毕业；,2、对数据非常敏感，能够快速准确多维度的统计数据；,3、有较强的EXCEL操作能力和数据统计能力；,4、有较强的逻辑思维能力。",http://www.noblevalley.com,50-150人
数据分析（商品）,广州禾泽服饰有限公司,广州-番禺区,3-4年经验,招1人,12-09发布,   市场分析调研人员,  上班地址：番禺大石植村,,http://www.sussi.com.cn/,500-1000人
数据分析专员,广州纵思网络科技股份有限公司,广州-天河区,无工作经验,招1人,12-09发布'],   统计员,  上班地址：棠下,"岗位职责：,,1.负责游戏平台渠道结算工作；,,2.负责与合作方的合同跟进、对账结算等工作；,,3.负责其他数据报表及财务数据的统计;,,4.负责和渠道对接，和内部优化师、运营沟通各媒体账户;,,5.与各相关部门的协调、沟通，保证工作高效完成;,,6.可做运营储备人选,,,任职资格：,,1、具备一定的财务知识，最好有一定的统计分析或结算等相关工作经验；,,2、熟练操作excel、word等办公软件及数据分析能力; ,,3、高效的执行力，较强的责任心和原则性，能承受工作压力; ,,5、有良好的沟通能力、语言表达能力; ,,6、为人诚信，工作原则性强、踏实，工作细心; ,,7、具备较强工作条理性及协调能力，头脑灵活，应变能力强。",http://www.gzzongsi.com,150-500人
数据分析,上海易娱网络科技有限公司广州分公司,广州-天河区,1年经验,本科,招1人,   大数据开发分析,  上班地址：天河路385号太古汇一座38、39楼,"职位描述：,1、负责手游数据的整理，分析工作,2、产品定期的数据分析报告的及时制作,3、使用办公软件等分析处理数据，得出可靠结果,4、数据报告的分析能够列举出数据问题、趋势、并提供解决方案,,岗位要求：,1、数学或理工类大学本科及以上学历优先考虑；,2、1年以上互联网业务数据分析经验，精通网络游戏特别是手机游戏的数据指标、数据量化方法，有分析软件使用经验的优先考虑；,3、逻辑能力强，有极强的数据敏感度、数据分析能力和数据分析思维；,4、熟练使用办公软件、数据库软件，以及分析软件。,5、责任心强，能承受较大的工作压力，具有较强的团队合作精神。,,如有意向，请发简历到: Emily123@eyugame.com",http://www.eyugame.com,150-500人
数据分析师,上海贝锐信息科技股份有限公司,广州-天河区,1年经验,本科,招1人,   大数据开发分析,  上班地址：科韵园区建工路15号首层花生壳大厦,岗位职责：1、负责Oray平台多维度指标体系的梳理和建设；2、按要求完成数据分析报告、数据报表等，可视化展现分析结果；3、监控每日站点数据，包括流量，转化率等，及时发现异常并提出；4、基于多维数据以及不同数据特点，使用数据分析工具，洞悉数据背后信息，满足产品的分析需求。任职要求：1、全日制统招本科及以上学历，数学、统计学及计算机相关专业；2、熟练使用统计分析工具，逻辑严谨，具备良好的数据分析能力；3、熟练使用SQL/R/Python/Excel 等工具；4、良好的快速学习能力、语言表达能力、分析问题能力、解决问题能力、抗压能力、积极主动、有责任心。,http://www.oray.com,50-150人
数据分析员（双休+五险一金+近地铁）,非拉铁非（广州）国际物流股份有限...,广州-越秀区,2年经验,大专,招2人,   货运代理,  上班地址：东风中路318号嘉业大厦12楼,"岗位职责,1.负责核对并确认客户每笔业务，与客户完成对账工作；,2.负责完成应付账款的审核、核销，以确保系统金额与实际一致；,3.发票的开具与统计，进项发票的催收；,4.对应收帐款金额较大、帐龄较长的客户进行重点跟踪，包括及时与客户对帐，查明原因并向部门主管领导汇报；,5.及时对应付账款做好付款计划,6.做好相关业务单据的整理、归档、保管工作；,7.领导调配的其他工作。,任职要求：,1.一年以上应付工作经验，有物流行业经验者优先考虑；,2.具有较强的沟通能力，有良好的纪律性、自律性以及对工作认真、细致、负责的态度，具有学习的态度，并能在压力下工作；,3.良好的团队合作精神和较强的责任心；,4.工作认真负责，有条理，工作效率高；,5.Word、Exel等OFFICE软件和财务金蝶K3软件的熟练应用。,,员工福利∣Our welfare,——常规福利：五险一金、全勤奖、年终奖、节日红包等多种福利！,——薪酬发展：每年拥有1-2次加薪机会！,——带薪休假：带薪的法定节假日、年假、生日假等！,——旅游娱乐：每年为您提供1-2次旅游，优秀员工还可额外增加1次国外游！,——其他活动：六一、圣诞、中秋、年会等团队活动，等您来参加哦！！！,工作时间：朝九晚六、周末双休,工作地址：地铁2号线纪念堂D1步行5分钟左右；公交车站：广东大厦、东风中路、正骨医院",http://ast4767.atobo.com.cn/,150-500人
高级数据分析师,深圳合众财富金融投资管理有限公司...,广州-天河区,2年经验,本科,招若干人,   数据库工程师管理员,  上班地址：保利中达2号楼12层,"岗位职责:1、核心指标的监控和跟踪分析，并对异常波动情况进行深入分析和问题定位；2、提供公司各业务线的定期分析报告；3、特定问题的深入分析；4、市场、品牌投放效果统计与分析；5、搜集行业数据，并给市场、品牌投放提供支持；6、撰写和汇总分析报告。职位要求：1、本科以上学历，数学、统计、计算机等相关专业优先；2、2年以上商业分析经验, 熟悉至少一种数据挖掘工具, 如R,SAS, SPSS等；3、精通Excel，熟悉Mysql、Oracle、SQL Server等数据库（至少一种数据库）；4、良好的沟通能力和学习业务能力, 敏锐的洞察力；5、有数据管理和决策意识，逻辑思维缜密，具备优秀的分析能力；6、有优秀的业务沟通能力；7、熟悉熟知数据库相关知识，熟悉数据采集与分析方法；具备数据深层次挖掘的能力，善于发现数据的变化规律；8、做事细心，具有很强的责任心，独立解决问题的能力；9、对数据分析有强烈兴趣，有良好的学习能力和强烈的进取心；10、有互联网或互联网金融平台市场投放效果分析经验者优先考虑。",http://www.hzed.com,500-1000人
数据分析主管(J12216),北京汇通天下物联科技有限公司,广州,3-4年经验,本科,招1人,   业务分析经理主管,  上班地址：广州市越秀区中山六路238号越秀新都会大厦中座10B05单元,"工作职责:,1、对销售过程中的相关数据进行分析并持续跟踪，及时且全面地掌握产品销售情况、市场变动情况等；	,2、结合产品、价格、客户等各个维度进行关联分析，并针对经营情况提供有效的改善方案，为公司制定营销策略发挥指导性作用；	,3、日常销售数据的采集、汇总、统计、评估与分析，建立销售数据库	,4、负责建立销售线的日、周、月、季、年度数据分析报表 ，形成分析模版并定期规范和优化；,任职资格:,1、全日制本科及以上学历,2、有项目管理经验，具备较强的洞察力和项目推动能力,3、3年以上数据挖掘分析及营销应用相关工作经验, 有快消、互联网、物流行业背景优先考虑,4、 对大数据挖掘预测应用有较深入的理解，有大数据管理、运营分析经验优先",http://www.g7.com.cn,1000-5000人
数据分析员（双休+五险一金+近地铁）,广州市喜洋物流有限公司,广州-越秀区,2年经验,大专,招2人,   财务分析员,  上班地址：广州市越秀区东风中路318号嘉业大厦12楼,"岗位职责,1.负责核对并确认客户每笔业务，与客户完成对账工作；,2.负责完成应付账款的审核、核销，以确保系统金额与实际一致；,3.发票的开具与统计，进项发票的催收；,4.对应收帐款金额较大、帐龄较长的客户进行重点跟踪，包括及时与客户对帐，查明原因并向部门主管领导汇报；,5.及时对应付账款做好付款计划,6.做好相关业务单据的整理、归档、保管工作；,7.领导调配的其他工作。,任职要求：,1.一年以上应付工作经验，有物流行业经验者优先考虑；,2.具有较强的沟通能力，有良好的纪律性、自律性以及对工作认真、细致、负责的态度，具有学习的态度，并能在压力下工作；,3.良好的团队合作精神和较强的责任心；,4.工作认真负责，有条理，工作效率高；,5.Word、Exel等OFFICE软件和财务金蝶K3软件的熟练应用。,,员工福利∣Our welfare,——常规福利：五险一金、全勤奖、年终奖、节日红包等多种福利！,——薪酬发展：每年拥有1-2次加薪机会！,——带薪休假：带薪的法定节假日、年假、生日假等！,——旅游娱乐：每年为您提供1-2次旅游，优秀员工还可额外增加1次国外游！,——其他活动：六一、圣诞、中秋、年会等团队活动，等您来参加哦！！！,工作时间：朝九晚六、周末双休,工作地址：地铁2号线纪念堂D1步行5分钟左右；公交车站：广东大厦、东风中路、正骨医院",http://www.hyl-logistics.com,150-500人
