job_name,company_name,job_url,work_place,salary,publish_time
高级数据分析经理,广州六合信息科技股份有限公司,https://jobs.51job.com/guangzhou-yxq/109039278.html?s=01&t=0,广州-越秀区,15.0-20.0千/月,12-09
高级数据分析专员,威莱（广州）日用品有限公司,https://jobs.51job.com/guangzhou/109027229.html?s=01&t=0,广州,6-8千/月,12-09
教务专员（数据分析、后台管理方向）,广东东湖棋院,https://jobs.51job.com/guangzhou-yxq/106809103.html?s=01&t=0,广州-越秀区,4-6千/月,12-09
数据分析师,广东鑫兴科技有限公司,https://jobs.51job.com/foshan-nhq/109015518.html?s=01&t=0,异地招聘,12.0-30.0千/月,12-09
数据分析员（双休+五险一金+近地铁）,深圳市利航国际货运代理有限公司广...,https://jobs.51job.com/guangzhou-yxq/109026857.html?s=01&t=0,广州-越秀区,3-5千/月,12-09
数据分析工程师,广东赛百威信息科技有限公司,https://jobs.51job.com/guangzhou-hpq/84661412.html?s=01&t=0,广州-黄埔区,6-8千/月,12-09
商品数据分析,广东骆驼户外用品有限公司,https://jobs.51job.com/guangzhou-byq/108241702.html?s=01&t=0,广州-白云区,6-8千/月,12-09
商品专员/数据分析,广州衣酷服饰有限公司,https://jobs.51job.com/guangzhou-byq/97321911.html?s=01&t=0,广州-白云区,4-5千/月,12-08
数据分析研究员,广州市明师教育服务股份有限公司,https://jobs.51job.com/guangzhou-hzq/94113945.html?s=01&t=0,广州-海珠区,7.0-10.0千/月,12-08
运营数据分析师,广州市亚丹柜业有限公司,https://jobs.51job.com/guangzhou-hdq/107887283.html?s=01&t=0,广州-花都区,8.0-15.0千/月,12-08
销售助理/销售数据分析专员,广州市娇兰化妆品有限公司,https://jobs.51job.com/guangzhou/98319353.html?s=01&t=0,广州,3.5-6千/月,12-08
数据分析,广州乐牛软件科技有限公司,https://jobs.51job.com/guangzhou-thq/106111628.html?s=01&t=0,广州-天河区,8.0-12.0千/月,12-07
游戏数据分析师,广州四三九九信息科技有限公司,https://jobs.51job.com/guangzhou/98084548.html?s=01&t=0,广州,8.0-15.0千/月,12-07
数据分析师,广州财略金融信息科技有限公司,https://jobs.51job.com/guangzhou/100931865.html?s=01&t=0,广州,8.0-12.0千/月,12-08
数据分析工程师,广州力挚网络科技有限公司,https://jobs.51job.com/guangzhou-thq/105947282.html?s=01&t=0,广州-天河区,9.0-14.0千/月,12-07
高级数据分析师,广东新日生物科技有限公司,https://jobs.51job.com/guangzhou-thq/109049405.html?s=01&t=0,广州-天河区,8.0-10.0千/月,12-09
数据分析师 - 广州,精硕科技(北京)股份有限公司,https://jobs.51job.com/guangzhou-thq/82899644.html?s=01&t=0,广州-天河区,6-8千/月,12-07
Big Data Analyst大数据分析,广东万宁连锁商业有限公司,https://jobs.51job.com/guangzhou-yxq/102679635.html?s=01&t=0,广州-越秀区,8.0-13.0千/月,12-07
高级数据分析师,深圳索信达数据技术股份有限公司,https://jobs.51job.com/guangzhou-thq/107150542.html?s=01&t=0,广州-天河区,20.0-25.0千/月,12-08
数据分析员,广州市碧婷服饰有限公司,https://jobs.51job.com/guangzhou-byq/108478921.html?s=01&t=0,广州-白云区,4-5千/月,12-08
数据统计员（数据分析员）,广州康朝药业有限公司,https://jobs.51job.com/guangzhou-thq/105231231.html?s=01&t=0,广州-天河区,3-5千/月,12-07
大数据分析经理,云康健康产业集团有限公司,https://jobs.51job.com/guangzhou/99537696.html?s=01&t=0,广州,15.0-20.0千/月,12-07
数据分析（初级）,深圳市优阅达数据科技有限公司,https://jobs.51job.com/guangzhou-thq/102719056.html?s=01&t=0,广州-天河区,6-8千/月,12-07
商品数据分析专员,广州威曼服饰有限公司,https://jobs.51job.com/guangzhou-byq/64195728.html?s=01&t=0,广州-白云区,6-8千/月,12-07
媒介数据分析专员,广东咏声动漫股份有限公司,https://jobs.51job.com/guangzhou-yxq/107072469.html?s=01&t=0,广州-越秀区,4-4.5千/月,12-07
游戏数据分析师,成都米粒乐享人力资源管理有限公司,https://jobs.51job.com/guangzhou-thq/104380248.html?s=01&t=0,广州-天河区,10.0-20.0千/月,12-07
数据分析师,上海羽厚亦网络科技有限公司广州分...,https://jobs.51job.com/guangzhou-thq/102265894.html?s=01&t=0,广州-天河区,3-6千/月,12-07
数据专员/数据分析/BI,广东明世教育集团有限公司,https://jobs.51job.com/guangzhou-pyq/103356431.html?s=01&t=0,广州-番禺区,6.0-10.0千/月,12-07
数据分析师,广州女人帮健康科技有限公司,https://jobs.51job.com/guangzhou-byq/108257212.html?s=01&t=0,广州-白云区,6-9千/月,12-08
电信业务数据分析专员,广东昱辉通信技术有限公司,https://jobs.51job.com/guangzhou-yxq/108089679.html?s=01&t=0,广州-越秀区,4-6千/月,12-07
数据分析/DP经理,艾瑞咨询集团,https://jobs.51job.com/guangzhou-thq/106239375.html?s=01&t=0,广州-天河区,15.0-20.0千/月,12-07
电商推广&amp;数据分析经理,上海赫基服饰贸易有限公司,https://jobs.51job.com/guangzhou-thq/108568577.html?s=01&t=0,广州-天河区,20.0-30.0千/月,12-07
数据分析（项目管理）,广东乐数信息科技有限公司,https://jobs.51job.com/guangzhou-thq/85938930.html?s=01&t=0,广州-天河区,6-8千/月,12-07
数据分析专员,广州市艾佩克养殖技术咨询有限公司,https://jobs.51job.com/guangzhou-nsq/108186573.html?s=01&t=0,广州-南沙区,6.0-15.0千/月,12-07
数据分析员/经理助理/数据统计员（广州白云区上班）,深圳市森广源实业发展有限公司,https://jobs.51job.com/guangzhou-byq/105139739.html?s=01&t=0,广州-白云区,4-5千/月,12-07
数据分析专员,广州市铭瑜服饰设计有限公司（诺曼...,https://jobs.51job.com/guangzhou/94367696.html?s=01&t=0,广州,4.5-6千/月,12-07
数据分析应届毕业生,广州神灯商务服务有限公司,https://jobs.51job.com/guangzhou-thq/104764115.html?s=01&t=0,广州-天河区,3-5千/月,12-07
数据分析（实习）,广东赢商网数据服务股份有限公司,https://jobs.51job.com/guangzhou-thq/106394527.html?s=01&t=0,广州-天河区,3-3千/月,12-07
数据助理（数据分析方向）,北京新生代市场监测机构有限公司广...,https://jobs.51job.com/guangzhou-yxq/83165994.html?s=01&t=0,广州-越秀区,3.5-4.5千/月,12-07
数据分析师,广东韵为大数据技术咨询有限公司,https://jobs.51job.com/guangzhou-thq/104088676.html?s=01&t=0,广州-天河区,6.0-12.0千/月,12-07
医学数据分析师,广州天鹏计算机科技有限公司,https://jobs.51job.com/guangzhou-thq/102203125.html?s=01&t=0,广州-天河区,10.0-12.0千/月,12-07
产品经理（数据分析）,广州前实网络科技有限公司,https://jobs.51job.com/guangzhou/108083167.html?s=01&t=0,广州,10.0-15.0千/月,12-07
数据分析专员,广州市金宇服装有限公司,https://jobs.51job.com/guangzhou/102652265.html?s=01&t=0,广州,4.5-6千/月,12-07
数据分析师（驻外企）,深圳市卓越方达科技有限公司,https://jobs.51job.com/guangzhou-pyq/108593560.html?s=01&t=0,广州-番禺区,3.5-5千/月,12-07
数据分析助理,广州中味餐饮服务有限公司,https://jobs.51job.com/guangzhou/106083117.html?s=01&t=0,广州,4.5-6千/月,12-07
客服专员（数据分析方向）,三椒口腔健康股份有限公司,https://jobs.51job.com/guangzhou-hpq/97221510.html?s=01&t=0,广州-黄埔区,3-4.5千/月,12-07
数据分析专员,广州市朵以服饰有限公司,https://jobs.51job.com/guangzhou-lwq/106364367.html?s=01&t=0,广州-荔湾区,4.5-6千/月,12-06
大数据/数据分析/培训讲师,广州迪奥信息科技有限公司,https://jobs.51job.com/guangzhou-thq/78416488.html?s=01&t=0,广州-天河区,8.0-15.0千/月,12-06
数据分析工程师（模型开发）,佛山运龙泰进出口有限公司,https://jobs.51job.com/guangzhou-hzq/107744886.html?s=01&t=0,广州-海珠区,7.0-12.0千/月,12-06
资深开发主管（空间大数据分析与开发）,广州城市信息研究所有限公司,https://jobs.51job.com/guangzhou/90912144.html?s=01&t=0,广州,15.0-25.0千/月,12-06
数据分析员,广州娇丽芙个人护理用品有限公司,https://jobs.51job.com/guangzhou-yxq/107741637.html?s=01&t=0,广州-越秀区,4.5-6千/月,12-06
数据分析师,广东雅倩化妆品有限公司,https://jobs.51job.com/guangzhou/107494766.html?s=01&t=0,广州,10.0-15.0千/月,12-07
数据分析助理,深圳科迪新汇信息科技有限公司,https://jobs.51job.com/guangzhou-yxq/103124158.html?s=01&t=0,广州-越秀区,3-5千/月,12-06
数据分析员,TATA木门广州分公司,https://jobs.51job.com/guangzhou/107656278.html?s=01&t=0,广州,3.8-4.6千/月,12-06
电商数据分析专员,广州市龙泉酒业有限公司,https://jobs.51job.com/foshan/98396880.html?s=01&t=0,异地招聘,6-8千/月,12-06
数据分析专员,广州优宿企业管理有限公司,https://jobs.51job.com/guangzhou-yxq/106460551.html?s=01&t=0,广州-越秀区,5-8千/月,12-06
数据分析师,广州市震海电子科技有限公司,https://jobs.51job.com/guangzhou-yxq/106858003.html?s=01&t=0,广州-越秀区,6.0-10.0千/月,12-06
商品数据分析员,深圳市西遇时尚服饰有限公司,https://jobs.51job.com/guangzhou-lwq/108803080.html?s=01&t=0,广州-荔湾区,5-7千/月,12-07
数据分析专员,国药控股广州有限公司,https://jobs.51job.com/guangzhou/63019356.html?s=01&t=0,广州,4-7千/月,12-06
数据分析建模工程师,广州市巴图鲁信息科技有限公司,https://jobs.51job.com/guangzhou-hzq/99392437.html?s=01&t=0,广州-海珠区,12.0-18.0千/月,12-06
数据分析主任,广发银行股份有限公司信用卡中心,https://jobs.51job.com/guangzhou-thq/102435357.html?s=01&t=0,广州-天河区,6.0-12.0千/月,12-06
数据分析师,广东长隆集团有限公司,https://jobs.51job.com/guangzhou-pyq/105959497.html?s=01&t=0,广州-番禺区,10.0-15.0千/月,12-06
数据分析专员（会员方向）,大参林医药集团股份有限公司,https://jobs.51job.com/guangzhou/107809360.html?s=01&t=0,广州,4-6千/月,12-09
数据分析专员（电商）,蓝月亮（中国）有限公司,https://jobs.51job.com/guangzhou/104627218.html?s=01&t=0,广州,6.0-12.0千/月,12-07
数据分析(0492),上海百事通信息技术股份有限公司,https://jobs.51job.com/guangzhou-yxq/108894625.html?s=01&t=0,广州-越秀区,10.0-15.0千/月,12-07
数据分析/业务助理,广州创必承信息科技有限公司,https://jobs.51job.com/guangzhou-hzq/105612480.html?s=01&t=0,广州-海珠区,3-6千/月,12-06
数据分析师,广州大麦信息科技有限公司,https://jobs.51job.com/guangzhou-yxq/107193616.html?s=01&t=0,广州-越秀区,6.0-10.0千/月,12-07
数据分析员,广州市商略信息咨询有限公司,https://jobs.51job.com/guangzhou/101093634.html?s=01&t=0,广州,5-7千/月,12-07
数据分析助理经理,健合集团——广州总部,https://jobs.51job.com/guangzhou/100697986.html?s=01&t=0,广州,15.0-20.0千/月,12-07
数据分析师,广州市诚毅科技软件开发有限公司,https://jobs.51job.com/guangzhou/108554368.html?s=01&t=0,广州,6.0-10.0千/月,12-07
数据分析师,广州百伦供应链科技有限公司,https://jobs.51job.com/guangzhou-thq/105514249.html?s=01&t=0,广州-天河区,8.0-15.0千/月,12-07
高级数据分析师,广东华际友天信息科技有限公司,https://jobs.51job.com/beijing/107103767.html?s=01&t=0,异地招聘,16.0-25.0千/月,12-07
数据分析专员,北京直信创邺数码科技有限公司,https://jobs.51job.com/guangzhou-yxq/105034518.html?s=01&t=0,广州-越秀区,4.5-6千/月,12-07
大数据分析师1—企业信息化部,中数通信息有限公司,https://jobs.51job.com/guangzhou-thq/106239989.html?s=01&t=0,广州-天河区,7.0-12.0千/月,12-07
助理数据分析,广州市番禺祈福新邨房地产有限公司,https://jobs.51job.com/guangzhou/92590729.html?s=01&t=0,广州,6-8千/月,12-07
数据分析工程师,广州中国科学院软件应用技术研究所,https://jobs.51job.com/guangzhou-nsq/106013405.html?s=01&t=0,广州-南沙区,8.0-12.0千/月,12-07
高级数据分析师,广东数果科技有限公司,https://jobs.51job.com/guangzhou-thq/107120875.html?s=01&t=0,广州-天河区,15.0-30.0千/月,12-07
数据分析师,北京联龙博通电子商务技术有限公司,https://jobs.51job.com/guangzhou-thq/104126417.html?s=01&t=0,广州-天河区,9.0-17.0千/月,12-07
高级数据分析员Senior Analyst（市场调研方向）,英可思（长春）科技有限公司广州分...,https://jobs.51job.com/guangzhou/89491797.html?s=01&t=0,广州,6-8千/月,12-07
数据分析专员（高塘石）,广东立信企业有限公司,https://jobs.51job.com/guangzhou-thq/106530002.html?s=01&t=0,广州-天河区,4-6千/月,12-07
数据分析员（电商）,欧派家居集团股份有限公司,https://jobs.51job.com/guangzhou/105968856.html?s=01&t=0,广州,5-7千/月,12-07
数据分析师,广州九龙维记牛奶有限公司,https://jobs.51job.com/guangzhou-hpq/105310554.html?s=01&t=0,广州-黄埔区,4.5-6千/月,12-07
数据分析专员,广州暨诚生物科技有限公司,https://jobs.51job.com/guangzhou-thq/108177561.html?s=01&t=0,广州-天河区,3-4.5千/月,12-07
数据分析师,卓志供应链集团,https://jobs.51job.com/guangzhou-thq/107248474.html?s=01&t=0,广州-天河区,6-8千/月,12-07
数据分析专员,广州集和堂大药房连锁有限公司,https://jobs.51job.com/guangzhou-thq/88621554.html?s=01&t=0,广州-天河区,4-5千/月,12-07
游戏数据分析师,广州尊游软件科技有限公司,https://jobs.51job.com/guangzhou-hzq/107942687.html?s=01&t=0,广州-海珠区,8.0-15.0千/月,12-07
数据分析师（电商）,UR,https://jobs.51job.com/guangzhou/71228034.html?s=01&t=0,广州,6-8千/月,12-07
数据分析开发工程师,广州市恒流网络科技有限公司,https://jobs.51job.com/guangzhou/104950994.html?s=01&t=0,广州,8.0-13.0千/月,12-07
商品数据分析专员/主管,广东沙驰皮具发展有限公司,https://jobs.51job.com/guangzhou/70836178.html?s=01&t=0,广州,3-8千/月,12-07
数据分析师,圆通速递有限公司,https://jobs.51job.com/guangzhou-hdq/108831494.html?s=01&t=0,广州-花都区,4-6千/月,12-07
数据分析运维工程师,北京源晨动力技术服务有限公司,https://jobs.51job.com/guangzhou/108561905.html?s=01&t=0,广州,10.0-13.0千/月,12-07
数据分析专员,小蝌蚪互联网科技（广州）有限公司,https://jobs.51job.com/guangzhou-byq/107260259.html?s=01&t=0,广州-白云区,6-8千/月,12-07
数据分析师,讯汇科技（广州）有限公司,https://jobs.51job.com/guangzhou-thq/68927904.html?s=01&t=0,广州-天河区,8.0-10.0千/月,12-07
数据分析师,广州市广德昌科技有限公司,https://jobs.51job.com/guangzhou/105476297.html?s=01&t=0,广州,4.5-7千/月,12-07
遗传数据分析师,广州达瑞生殖技术有限公司,https://jobs.51job.com/guangzhou-hpq/90525629.html?s=01&t=0,广州-黄埔区,6-8千/月,12-07
商品数据分析员,广州市城投资产经营管理有限公司,https://jobs.51job.com/guangzhou/102981442.html?s=01&t=0,广州,5-7千/月,12-07
商品数据分析员,广东歌蒂诗服饰有限公司,https://jobs.51job.com/guangzhou-byq/56939111.html?s=01&t=0,广州-白云区,6.0-10.0千/月,12-07
数据分析专员,广州杰健仪器有限公司,https://jobs.51job.com/guangzhou-thq/104376910.html?s=01&t=0,广州-天河区,4.5-6千/月,12-07
运营数据分析（电商）,广东黑网科技股份有限公司,https://jobs.51job.com/guangzhou-thq/104564816.html?s=01&t=0,广州-天河区,10.0-15.0千/月,12-07
数据分析师,广东现代国际市场研究有限公司,https://jobs.51job.com/guangzhou-yxq/59906422.html?s=01&t=0,广州-越秀区,3-4.5千/月,12-07
高级数据分析师,欢聚时代（多玩YY）,https://jobs.51job.com/guangzhou-pyq/103597528.html?s=01&t=0,广州-番禺区,15.0-25.0千/月,12-07
数据分析师（大数据）(每月10K-15K),广州蜂陶信息技术有限公司,https://jobs.51job.com/guangzhou-thq/99417325.html?s=01&t=0,广州-天河区,10.0-15.0千/月,12-07
数据分析师,广州纳财电子商务有限公司,https://jobs.51job.com/guangzhou-thq/96995787.html?s=01&t=0,广州-天河区,6.0-12.0千/月,12-07
数据分析员,广州市华安达实业有限公司,https://jobs.51job.com/guangzhou-thq/104612891.html?s=01&t=0,广州-天河区,8.0-10.0千/月,12-07
资深数据分析/数据主管,广州雅美瑞实业有限公司,https://jobs.51job.com/guangzhou-pyq/69530566.html?s=01&t=0,广州-番禺区,6.0-12.0千/月,12-07
数据分析师,广州禾多云力互联科技有限公司,https://jobs.51job.com/guangzhou-hzq/103081709.html?s=01&t=0,广州-海珠区,6.0-10.0千/月,12-07
基础数据分析,彩讯科技股份有限公司,https://jobs.51job.com/guangzhou/107786588.html?s=01&t=0,广州,8.0-15.0千/月,12-07
新媒体运营专员（数据分析）,广州路鑫信息技术有限公司,https://jobs.51job.com/guangzhou-hzq/104693536.html?s=01&t=0,广州-海珠区,4-6千/月,12-07
销售数据分析员（双休、五险一金、提供吃住）,广东乐陶陶药业股份有限公司,https://jobs.51job.com/guangzhou-lwq/104569891.html?s=01&t=0,广州-荔湾区,4-6千/月,12-07
助理数据分析师,广州艾力彼管理顾问有限公司,https://jobs.51job.com/guangzhou-hzq/106916471.html?s=01&t=0,广州-海珠区,5.0-10.0千/月,12-07
数据分析师,广州爱旅拍文化传播有限公司,https://jobs.51job.com/guangzhou-pyq/103856468.html?s=01&t=0,广州-番禺区,6-8千/月,12-07
数据分析经理,广州一智通供应链管理有限公司,https://jobs.51job.com/guangzhou-thq/94490017.html?s=01&t=0,广州-天河区,8.0-10.0千/月,12-07
数据分析员,广州广日物流有限公司,https://jobs.51job.com/guangzhou-pyq/101648613.html?s=01&t=0,广州-番禺区,3-4.5千/月,12-07
数据分析员,广州广之旅国际旅行社股份有限公司,https://jobs.51job.com/guangzhou-byq/95950973.html?s=01&t=0,广州-白云区,6.0-10.0千/月,12-07
数据分析和挖掘,广州市优普计算机有限公司,https://jobs.51job.com/guangzhou/90223430.html?s=01&t=0,广州,7.0-11.0千/月,12-07
资深数据分析专员,广州安莱信息通信技术有限公司,https://jobs.51job.com/guangzhou-yxq/106597103.html?s=01&t=0,广州-越秀区,6-8千/月,12-07
商品数据分析主管,鸿星尔克集团广东分公司,https://jobs.51job.com/guangzhou-yxq/77514562.html?s=01&t=0,广州-越秀区,6-8千/月,12-07
数据分析工程师,广州市番禺致丰微电器有限公司,https://jobs.51job.com/guangzhou-hzq/97316185.html?s=01&t=0,广州-海珠区,10.0-18.0千/月,12-07
数据分析主管（偏SEO）,广州城博建科展览有限公司,https://jobs.51job.com/guangzhou-hzq/108755327.html?s=01&t=0,广州-海珠区,8.0-10.0千/月,12-07
数据分析专员,广州环亚化妆品科技有限公司（滋源...,https://jobs.51job.com/guangzhou-hpq/107461539.html?s=01&t=0,广州-黄埔区,5.0-10.0千/月,12-07
数据分析师,广东省广告集团股份有限公司,https://jobs.51job.com/guangzhou-hzq/98223080.html?s=01&t=0,广州-海珠区,20.0-35.0千/月,12-07
积分核算师（数据分析/pyhton）,广东鑫零售投资有限公司,https://jobs.51job.com/guangzhou-thq/105322890.html?s=01&t=0,广州-天河区,8.0-16.0千/月,12-07
数据分析师,广州博骏家居科技有限公司,https://jobs.51job.com/guangzhou-thq/92900752.html?s=01&t=0,广州-天河区,5-8千/月,12-07
数据分析助理,广州速道信息科技有限公司,https://jobs.51job.com/guangzhou-hzq/105565729.html?s=01&t=0,广州-海珠区,6.0-10.0千/月,12-07
商务分析-数据分析,仁孚汽车（中国）有限公司广州分公司,https://jobs.51job.com/guangzhou-thq/108201806.html?s=01&t=0,广州-天河区,5-8千/月,12-07
广告投放专员（可接受运营/数据分析转岗）,广州大蓝网络科技有限公司,https://jobs.51job.com/guangzhou-hzq/96468464.html?s=01&t=0,广州-海珠区,6.0-12.0千/月,12-07
数据分析专员,广州市万表科技股份有限公司,https://jobs.51job.com/guangzhou-pyq/108432039.html?s=01&t=0,广州-番禺区,5-8千/月,12-07
数据分析经理,深圳创酷互动信息技术有限公司广州...,https://jobs.51job.com/guangzhou/108243038.html?s=01&t=0,广州,10.0-15.0千/月,12-07
数据分析专员,广州市熳洁儿服饰有限公司,https://jobs.51job.com/guangzhou/107278982.html?s=01&t=0,广州,4.5-6千/月,12-07
数据分析师,广东南方数码科技股份有限公司,https://jobs.51job.com/guangzhou/102046736.html?s=01&t=0,广州,8.0-15.0千/月,12-07
电商数据分析,嫚熙控股（广州）有限公司,https://jobs.51job.com/guangzhou-byq/106913000.html?s=01&t=0,广州-白云区,8.0-10.0千/月,12-07
数据分析主管,摩登大道时尚集团股份有限公司,https://jobs.51job.com/guangzhou-hpq/106869113.html?s=01&t=0,广州-黄埔区,8.0-12.0千/月,12-07
助理研究员/助理数据分析师,新华信（SINOTRUST）,https://jobs.51job.com/guangzhou/98264001.html?s=01&t=0,广州,4.5-5.5千/月,12-07
数据分析,广州市安发网络科技有限公司,https://jobs.51job.com/guangzhou-thq/103660913.html?s=01&t=0,广州-天河区,10.0-15.0千/月,12-07
商品数据分析,广州腾羿服饰有限公司,https://jobs.51job.com/guangzhou/83849419.html?s=01&t=0,广州,6-8千/月,12-08
数据分析助理,广州通达汽车电气股份有限公司,https://jobs.51job.com/guangzhou-byq/108705848.html?s=01&t=0,广州-白云区,8.0-10.0千/月,12-08
数据分析师（供应链方向）,南京领添信息技术有限公司广州分公司,https://jobs.51job.com/guangzhou-pyq/108929023.html?s=01&t=0,广州-番禺区,13.0-18.0千/月,12-08
数据分析员,广州锦兴纺织漂染有限公司,https://jobs.51job.com/guangzhou-nsq/108930290.html?s=01&t=0,广州-南沙区,3-4.5千/月,12-08
数据分析师/业务分析师,昊居科技有限公司,https://jobs.51job.com/guangzhou-hzq/108944041.html?s=01&t=0,广州-海珠区,6-8千/月,12-08
5数据分析师,广州尚微浩商贸有限公司,https://jobs.51job.com/guangzhou-thq/101603897.html?s=01&t=0,广州-天河区,8.0-10.0千/月,12-07
数据分析师,广州福利汇网络科技有限公司,https://jobs.51job.com/guangzhou-thq/91348878.html?s=01&t=0,广州-天河区,8.0-12.0千/月,12-07
保险公司内勤文员(数据分析、资源整合、大专学历),广东隆信劳务服务有限公司,https://jobs.51job.com/guangzhou-thq/94794267.html?s=01&t=0,广州-天河区,4-5.5千/月,12-08
数据分析师,广州与至服装有限公司,https://jobs.51job.com/guangzhou-hzq/108552483.html?s=01&t=0,广州-海珠区,8.0-13.0千/月,12-08
数据分析师,南方都市报,https://jobs.51job.com/guangzhou-yxq/100742743.html?s=01&t=0,广州-越秀区,10.0-20.0千/月,12-07
数据分析,广东顺心快运有限公司,https://jobs.51job.com/guangzhou-byq/108436940.html?s=01&t=0,广州-白云区,5-7千/月,12-08
运营专员（数据分析）,广州要玩娱乐网络技术股份有限公司,https://jobs.51job.com/guangzhou-hzq/97160505.html?s=01&t=0,广州-海珠区,10.0-16.0千/月,12-07
商品数据分析专员,广州市意韵服饰有限公司,https://jobs.51job.com/guangzhou-pyq/73591163.html?s=01&t=0,广州-番禺区,6-8千/月,12-08
客服部数据分析师,广州纽得赛生物科技有限公司,https://jobs.51job.com/guangzhou/93213833.html?s=01&t=0,广州,4.5-6千/月,12-08
高级数据分析师,广州星逸文化有限公司,https://jobs.51job.com/guangzhou/107985433.html?s=01&t=0,广州,8.0-12.0千/月,12-08
华南渠道运营-数据分析方向,字节跳动,https://jobs.51job.com/guangzhou/108570413.html?s=01&t=0,广州,10.0-20.0千/月,12-08
数据分析师,广州致景信息科技有限公司,https://jobs.51job.com/guangzhou-hzq/104281059.html?s=01&t=0,广州-海珠区,10.0-15.0千/月,12-08
数据分析员,广东菲立智能家居有限公司,https://jobs.51job.com/guangzhou/106262706.html?s=01&t=0,广州,4.5-6千/月,12-08
数据分析专员,广州市三横信息科技有限公司,https://jobs.51job.com/guangzhou-zc/94753687.html?s=01&t=0,广州-增城,6-8千/月,12-08
数据分析师/建模师,广州蓝深电子商务有限公司,https://jobs.51job.com/guangzhou-lwq/104410546.html?s=01&t=0,广州-荔湾区,6.0-15.0千/月,12-08
数据分析师,广州河马游戏科技有限公司,https://jobs.51job.com/guangzhou-thq/108426861.html?s=01&t=0,广州-天河区,10.0-20.0千/月,12-08
商品数据分析员,深圳市红四海纺织品有限公司,https://jobs.51job.com/guangzhou-byq/108088236.html?s=01&t=0,广州-白云区,6-8千/月,12-08
财务助理/数据统计/数据分析,广东沙驰鞋业发展有限公司,https://jobs.51job.com/guangzhou/77486501.html?s=01&t=0,广州,3-4.5千/月,12-08
商品数据分析师/专员,广州乔莎服饰有限公司,https://jobs.51job.com/guangzhou-pyq/108196216.html?s=01&t=0,广州-番禺区,6.0-12.0千/月,12-08
商品数据分析员,广州市妮乔服饰有限公司,https://jobs.51job.com/guangzhou-byq/71837666.html?s=01&t=0,广州-白云区,4.5-6千/月,12-08
数据分析,广州衣百服饰有限公司,https://jobs.51job.com/guangzhou-pyq/60772106.html?s=01&t=0,广州-番禺区,5-7千/月,12-08
数据分析师,东莞市糖酒集团美宜佳便利店有限公司,https://jobs.51job.com/dongguan-ncq/98780084.html?s=01&t=0,异地招聘,6.0-10.0千/月,12-08
电商数据分析师,广州栋方生物科技股份有限公司,https://jobs.51job.com/guangzhou-thq/104318783.html?s=01&t=0,广州-天河区,8.0-10.0千/月,12-08
商品数据分析员,广东雅娜集团有限公司,https://jobs.51job.com/guangzhou-byq/84030625.html?s=01&t=0,广州-白云区,3.5-4.5千/月,12-08
数据分析师,文峰荟（广州）创业投资管理有限公司,https://jobs.51job.com/guangzhou/101684540.html?s=01&t=0,广州,10.0-15.0千/月,12-08
诚聘销售数据分析员,广东椰泰生物科技有限公司,https://jobs.51job.com/guangzhou-pyq/88289353.html?s=01&t=0,广州-番禺区,3.5-4.5千/月,12-08
数据分析师,广东柯美利电力销售有限公司,https://jobs.51job.com/guangzhou-thq/81932050.html?s=01&t=0,广州-天河区,7.0-15.0千/月,12-08
数据分析师,广州乐欣母婴用品有限公司,https://jobs.51job.com/guangzhou-thq/101254959.html?s=01&t=0,广州-天河区,6.0-12.0千/月,12-08
数据分析专员/主管,上海宝原体育用品商贸有限公司广州...,https://jobs.51job.com/guangzhou/107633495.html?s=01&t=0,广州,5-8千/月,12-08
数据分析员,广州市羽涵茜服饰有限公司,https://jobs.51job.com/guangzhou-lwq/108264871.html?s=01&t=0,广州-荔湾区,4.5-6千/月,12-08
数据分析经理,广州市钱大妈农产品有限公司,https://jobs.51job.com/guangzhou-byq/108944632.html?s=01&t=0,广州-白云区,10.0-20.0千/月,12-08
银行参数文员-系统数据分析录入调整,成都三泰控股集团股份有限公司,https://jobs.51job.com/guangzhou-yxq/108731930.html?s=01&t=0,广州-越秀区,3-5.1千/月,12-08
数据分析师 BI,韩国瓷肌中国区公司,https://jobs.51job.com/guangzhou-thq/107952318.html?s=01&t=0,广州-天河区,8.0-10.0千/月,12-08
数据分析主管,广州贝壳科技服务有限公司,https://jobs.51job.com/guangzhou-yxq/107633067.html?s=01&t=0,广州-越秀区,6.0-12.0千/月,12-08
数据分析师,广东艾希兰品牌管理有限公司,https://jobs.51job.com/guangzhou-byq/104603445.html?s=01&t=0,广州-白云区,6.0-10.0千/月,12-08
高级数据分析工程师,广州市高奈特网络科技有限公司,https://jobs.51job.com/guangzhou-lwq/96923322.html?s=01&t=0,广州-荔湾区,20.0-25.0千/月,12-08
数据分析师(五险一金）,广州市诚美涂饰工程有限公司,https://jobs.51job.com/guangzhou-hpq/106391975.html?s=01&t=0,广州-黄埔区,8.0-10.0千/月,12-08
数据分析师,广州谷城集团有限公司,https://jobs.51job.com/guangzhou-byq/107683943.html?s=01&t=0,广州-白云区,4.5-8千/月,12-08
交付数据分析主管,广州小鹏汽车科技有限公司,https://jobs.51job.com/guangzhou-thq/108920725.html?s=01&t=0,广州-天河区,10.0-15.0千/月,12-08
数据分析专员,广州市鑫翔贸易有限公司,https://jobs.51job.com/guangzhou-thq/96064475.html?s=01&t=0,广州-天河区,4-6千/月,12-08
数据分析专员（app运营）,上海益玩网络科技有限公司广州分公司,https://jobs.51job.com/guangzhou/106105746.html?s=01&t=0,广州,6.0-10.0千/月,12-08
数据分析师（上市集团+双休）,广州市时代邻里邦网络科技有限公司,https://jobs.51job.com/guangzhou-yxq/101676970.html?s=01&t=0,广州-越秀区,5-8千/月,12-09
商品数据分析员,广州市佛伦斯服饰有限公司,https://jobs.51job.com/guangzhou/95601921.html?s=01&t=0,广州,5-8千/月,12-09
数据分析师,广东快乐种子科技有限公司,https://jobs.51job.com/guangzhou-yxq/108963562.html?s=01&t=0,广州-越秀区,7.0-14.0千/月,12-09
价格分析专员（数据分析）,广州好莱客创意家居股份有限公司,https://jobs.51job.com/guangzhou/103434623.html?s=01&t=0,广州,5-8千/月,12-09
销售数据分析,联想中望系统服务有限公司（现越亮...,https://jobs.51job.com/guangzhou/108961005.html?s=01&t=0,广州,4.5-6千/月,12-09
存货数据分析组长,骆驼服饰,https://jobs.51job.com/guangzhou-byq/103155880.html?s=01&t=0,广州-白云区,8.0-20.0千/月,12-09
大数据分析师,泉后（上海）生物科技有限公司,https://jobs.51job.com/guangzhou-byq/107691775.html?s=01&t=0,广州-白云区,15.0-20.0千/月,12-09
大数据分析师,广州季泉化妆品有限公司,https://jobs.51job.com/guangzhou-byq/108542657.html?s=01&t=0,广州-白云区,15.0-20.0千/月,12-08
广州分部--运营数据分析员,上海网达软件股份有限公司,https://jobs.51job.com/guangzhou-thq/101269408.html?s=01&t=0,广州-天河区,6-8千/月,12-09
招聘主管（面试官培养/数据分析方向）,广东国利信息网络有限公司,https://jobs.51job.com/guangzhou-thq/105014316.html?s=01&t=0,广州-天河区,5-7千/月,12-09
供应链数据分析师,名创优品（广州）有限责任公司,https://jobs.51job.com/guangzhou-lwq/109050559.html?s=01&t=0,广州-荔湾区,8.0-15.0千/月,12-09
数据分析师,广州生活无忧百货有限公司,https://jobs.51job.com/guangzhou-pyq/91286471.html?s=01&t=0,广州-番禺区,8.0-15.0千/月,12-09
储备数据分析师,广州莲花购电子商务有限公司,https://jobs.51job.com/guangzhou/108759406.html?s=01&t=0,广州,5.5-8.5千/月,12-09
商品企划专员（数据分析）,广州迪柯尼服饰股份有限公司,https://jobs.51job.com/guangzhou-thq/85177408.html?s=01&t=0,广州-天河区,4.5-6千/月,12-09
数据分析师,广州市华誉电脑系统有限公司,https://jobs.51job.com/guangzhou-byq/107867191.html?s=01&t=0,广州-白云区,3-6千/月,12-09
高级数据分析师（五险一金）,广州潮靓化妆品有限公司,https://jobs.51job.com/guangzhou-byq/105883010.html?s=01&t=0,广州-白云区,8.0-10.0千/月,12-08
数据分析师,三盟科技股份有限公司,https://jobs.51job.com/guangzhou-hzq/102671919.html?s=01&t=0,广州-海珠区,15.0-25.0千/月,12-09
数据分析师,广东方纬科技有限公司,https://jobs.51job.com/guangzhou-pyq/103140795.html?s=01&t=0,广州-番禺区,8.0-15.0千/月,12-09
数据分析师,广东壹鼎教育投资发展有限公司,https://jobs.51job.com/guangzhou/108908631.html?s=01&t=0,广州,8.0-10.0千/月,12-09
商品数据分析,广州尚谷商贸有限公司,https://jobs.51job.com/guangzhou-pyq/108997213.html?s=01&t=0,广州-番禺区,5.0-10.0千/月,12-09
数据分析（商品）,广州禾泽服饰有限公司,https://jobs.51job.com/guangzhou-pyq/92818959.html?s=01&t=0,广州-番禺区,6-8千/月,12-09
数据分析专员,广州纵思网络科技股份有限公司,https://jobs.51job.com/guangzhou-thq/109002202.html?s=01&t=0,广州-天河区,4-6千/月,12-09
数据分析,上海易娱网络科技有限公司广州分公司,https://jobs.51job.com/guangzhou-thq/108762012.html?s=01&t=0,广州-天河区,8.0-10.0千/月,12-09
数据分析师,上海贝锐信息科技股份有限公司,https://jobs.51job.com/guangzhou-thq/109008208.html?s=01&t=0,广州-天河区,5.0-10.0千/月,12-09
数据分析员（双休+五险一金+近地铁）,非拉铁非（广州）国际物流股份有限...,https://jobs.51job.com/guangzhou-yxq/109026296.html?s=01&t=0,广州-越秀区,3-5千/月,12-09
高级数据分析师,深圳合众财富金融投资管理有限公司...,https://jobs.51job.com/guangzhou-thq/108750689.html?s=01&t=0,广州-天河区,13.0-17.0千/月,12-09
数据分析主管(J12216),北京汇通天下物联科技有限公司,https://jobs.51job.com/guangzhou/107440887.html?s=01&t=0,广州,10.0-15.0千/月,12-09
数据分析员（双休+五险一金+近地铁）,广州市喜洋物流有限公司,https://jobs.51job.com/guangzhou-yxq/109026447.html?s=01&t=0,广州-越秀区,3-5千/月,12-09
